,A,B,C,D
2000-01-01,1.8806551355863546,0.49995180738500533,-0.7391580764987701,-2.017101072471456
2000-01-02,2.645781606957487,-0.4040382839734544,-2.2985724960051837,-2.648885931846697
2000-01-03,3.4322023149971193,1.2614263909413352,-0.5469400655312096,-2.999809442146368
2000-01-04,3.2166943785276896,2.4567521981556473,-0.648010563233716,-2.033591294507551
2000-01-05,5.227929331810534,1.105421642644567,-2.9481403810975912,-2.3642783560437914
2000-01-06,5.68220973255949,0.072232512895132,-4.1951547881159374,-1.4834997134398558
2000-01-07,4.650670267234018,0.6460862532478245,-4.121463011120992,-0.937984177234807
2000-01-08,4.177118138711785,-0.8627825655993274,-4.062634839471854,-2.214155769381022
2000-01-09,4.713452744608379,0.10875097054503535,-4.577347744439063,-2.186480514443113
2000-01-10,4.80320946830654,-1.502754031782513,-4.866785574723792,-0.8768848387133799
2000-01-11,4.171321849462219,-0.7418989959465352,-6.442039846143462,0.009724197854790728
2000-01-12,4.7411319635916245,0.8859131459537761,-8.11305877469528,0.8333036893974863
2000-01-13,6.274359599798605,0.2820252924331277,-7.8168458095947875,0.46084993874213986
2000-01-14,5.584818706780163,-0.2588514134507399,-9.315117713862692,2.4446989946037467
2000-01-15,4.197186681778065,-2.2873398134253065,-9.970554439926138,2.322623373237478
2000-01-16,6.0128774182735345,-2.614155407822456,-9.263793090368777,1.940779041424534
2000-01-17,6.629540963349553,-3.2650804596372116,-10.613305686440059,1.3175496192186467
2000-01-18,5.277759410568148,-3.9201882093061506,-9.445999313490235,2.928621382001642
2000-01-19,4.976860286733231,-4.357101650549346,-9.668284784228081,2.9726902177270955
2000-01-20,4.825418304018595,-5.323414574846317,-9.80625099576834,2.45041357395679
2000-01-21,5.723806780484144,-6.211353239796896,-9.634017271444444,2.4145267310651297
2000-01-22,6.328342278031427,-7.265053655015949,-8.492706939566153,1.6219818114934625
2000-01-23,5.6614054019270394,-8.726059904022408,-8.471871352116375,0.34691682228311294
2000-01-24,5.434469939747056,-9.72839547595602,-8.98816246798473,0.3754254089472807
2000-01-25,4.08822893798271,-8.842519628960575,-11.094407285495299,0.5742068692038307
2000-01-26,3.422020323363205,-8.944555883027205,-10.42361489390114,-0.667274624845013
2000-01-27,4.241798975375286,-9.687256375668733,-11.708213614160798,-3.124470864233177
2000-01-28,7.975593415898712,-9.9687460309821,-11.845039260069369,-3.6013310691661777
2000-01-29,8.774995426179563,-8.110646195632155,-10.334932134955404,-3.735453961990906
2000-01-30,8.540074767381203,-7.9577781925160975,-9.094347562093883,-3.479142861480718
2000-01-31,8.039434810389434,-9.701957160806174,-9.621127168378752,-2.8420976953747275
2000-02-01,6.43356785445032,-9.706823986690031,-9.673603766556376,-3.2503711293510116
2000-02-02,7.28843214468405,-10.644978285678606,-8.44641571915702,-3.1987510426333943
2000-02-03,7.774558185247173,-10.859394500230188,-9.579736597960022,-4.006351632302792
2000-02-04,8.513036046191438,-9.729564617423135,-9.652135936534739,-4.168688653397297
2000-02-05,8.51506666378781,-8.550421020240409,-8.067355484831822,-3.786213438483711
2000-02-06,8.354835235998328,-9.267290011840432,-6.3745200302158915,-2.689378854262216
2000-02-07,8.017444712102947,-9.401210059256645,-6.40521709229674,-4.212730376625865
2000-02-08,8.626866088908852,-10.760441819643145,-4.783633967841111,-5.560404854852324
2000-02-09,8.873103129466507,-10.674396953622132,-3.553529879870223,-6.363813361127297
2000-02-10,9.028657026219316,-12.062793499493228,-3.688199587503929,-6.271554212035028
2000-02-11,9.303898889992043,-10.435201835562067,-5.673164916461207,-4.584304428153801
2000-02-12,8.901330836164377,-9.403214859275671,-5.477614693448821,-5.595182993882728
2000-02-13,9.058416132177024,-11.375797823683431,-5.442700623772104,-5.84272095461784
2000-02-14,9.520543511363805,-10.479338688646896,-3.027876462106885,-5.6451302036730215
2000-02-15,9.535125398479137,-11.031279500195195,-2.220475835375723,-5.042741409876399
2000-02-16,8.126360348903155,-10.179170627233637,-1.3153608793448912,-3.7480465650253834
2000-02-17,9.328641282620836,-10.559432607140163,-3.166374108751073,-4.219063665817512
2000-02-18,9.21306580876478,-11.025929400124582,-3.672740692199608,-3.3267536845661256
2000-02-19,10.05282325094422,-10.315229639243599,-4.2583553949286745,-4.2548753861646516
2000-02-20,10.108161968912388,-8.68549649821507,-3.18946972747224,-2.994751518611588
2000-02-21,11.314980245445323,-8.548510160638655,-3.4558060797105328,-3.978563030628094
2000-02-22,11.896585682178825,-8.323233987801897,-3.228999125097103,-3.6874088121128237
2000-02-23,10.42692932210678,-8.64576111507147,-3.0264893920339566,-2.484285829542043
2000-02-24,11.41805799389103,-8.545250896910849,-2.131289244076818,-3.3968544564509497
2000-02-25,10.401656861542758,-8.80538657975096,-2.603330149965769,-3.289048219356974
2000-02-26,10.747704468021643,-6.831092846075714,-3.967870242797854,-3.694071490262866
2000-02-27,11.488760996102787,-6.941746736126485,-3.902816045088225,-2.7218439401656447
2000-02-28,12.187186515529842,-8.593971348023935,-5.212551913309168,-3.4537060174519434
2000-02-29,11.409727642816167,-7.1657091478216,-6.505578689224937,-3.327252802796165
2000-03-01,11.528365535192806,-8.822387812682116,-4.689370312510265,-3.152090437150958
2000-03-02,11.581712471689512,-10.10730624253721,-2.62446005025672,-2.432212529113169
2000-03-03,11.952860513605636,-9.097273198748628,-2.469014089250685,-4.056993238200899
2000-03-04,13.289969541108347,-9.045968168370463,-3.022987445286907,-4.547926485678942
2000-03-05,12.131136000617975,-10.903797058398439,-3.4074207205690077,-3.4435318177132235
2000-03-06,10.593576369843792,-11.025455270096687,-3.481648846617428,-4.70317799218417
2000-03-07,9.353596723744515,-11.114095382399436,-3.6344890566234653,-4.935868340885553
2000-03-08,9.50285864598515,-10.958639835839433,-4.199509534801764,-5.251398761394474
2000-03-09,9.297753275289425,-11.49167870404653,-5.119771683037953,-4.564579233158765
2000-03-10,8.137350585922167,-11.968483228778322,-3.4461768827959487,-4.936438975097969
2000-03-11,7.054017033021288,-13.21738159779022,-4.545286503992436,-5.5013295988166675
2000-03-12,7.670960553183163,-12.311440486077682,-2.82380277621854,-5.78906530420125
2000-03-13,7.546244823218605,-13.161827576366601,-1.7743227402107202,-5.763758453020318
2000-03-14,8.324870627348705,-11.655149087194179,-1.6360592525880349,-4.435833874296721
2000-03-15,8.53017253957916,-12.042131717926999,-0.6789461335678328,-4.403218012022374
2000-03-16,7.751938484425641,-11.411772492823605,-0.9894740697264429,-5.149630524786402
2000-03-17,8.007988853985252,-11.175693160660764,-0.4204102066787304,-8.465476573119371
2000-03-18,7.727551002422391,-12.011730821326452,-0.8853968191285899,-7.672862444830488
2000-03-19,5.308636488861547,-13.229995281781488,-0.3094225059129512,-6.842977407142454
2000-03-20,4.575383284437942,-12.875809524101932,0.16828154766889747,-5.113676690483672
2000-03-21,3.9081758092300527,-12.77249803621767,-0.41989934262061324,-4.630874825126076
2000-03-22,3.9233751795531524,-12.09770041552298,-2.932444926595511,-4.19455765208895
2000-03-23,2.67080620605994,-10.320870238847194,-3.8901461624431275,-3.433173923828436
2000-03-24,1.1661314054199254,-12.216725247233697,-6.505177179929989,-2.6376419608476436
2000-03-25,0.9623780602481733,-12.452703392782709,-7.702534558766089,-3.1186160100459093
2000-03-26,-0.11319147988491829,-11.605773796362689,-7.23373500013212,-3.477231142611882
2000-03-27,-0.7139246784632579,-11.945194000934018,-6.773340348774328,-4.610764264977596
2000-03-28,-2.0913358306700283,-11.979499827725276,-7.069061630459746,-4.16920698120403
2000-03-29,-2.0448560555895,-12.497323547505633,-8.137420936499502,-3.697880968558219
2000-03-30,-2.64829411902758,-13.391206707898188,-5.803867746172982,-5.025411092053578
2000-03-31,-3.4064735761399976,-13.972131742153552,-6.465335122780297,-5.576155699717517
2000-04-01,-2.8788252558169676,-14.132517239997279,-5.928065024799197,-6.423899812257969
2000-04-02,-3.403893733720296,-14.700797950258101,-4.194402890353354,-6.037212883093088
2000-04-03,-2.994196014322714,-14.566957591597266,-4.694069618430169,-6.048134226697376
2000-04-04,-3.0233633507150746,-14.316756275719538,-3.5720915599691825,-5.040719729127965
2000-04-05,-2.630615583663133,-13.028805893523456,-3.0213143750885987,-4.0553631838689395
2000-04-06,-4.838348547147905,-14.704735490624548,-1.6018019175894416,-2.934053147184142
2000-04-07,-3.921497850436753,-17.324620561698183,-1.964778972078092,-2.582554163694998
2000-04-08,-4.545760582897218,-16.366966764738677,-3.0869083304100613,-4.643596418389782
2000-04-09,-5.95622094163194,-16.312175835754402,-4.189636467061106,-4.300265026704161
2000-04-10,-4.449405711304377,-16.216504557666074,-4.9459902239182,-3.6572794061504577
2000-04-11,-4.677939576219628,-16.51524920625415,-3.804237694062815,-3.610551917187212
2000-04-12,-5.446985776658757,-18.368253734720316,-3.7396706910554913,-3.5553918745693425
2000-04-13,-5.2551778934465165,-18.066577363610385,-4.343880617888893,-4.938624970628331
2000-04-14,-3.895357867311597,-18.597078305312422,-4.098165724785326,-4.930405763543458
2000-04-15,-3.368630447784112,-19.24318602587274,-3.9330118895977346,-4.734812242250358
2000-04-16,-3.990439975127223,-19.486974069441693,-4.80670304167436,-4.288020481340728
2000-04-17,-4.619636923417531,-18.79176721834502,-5.714267676554108,-3.666395093087493
2000-04-18,-5.553947947682079,-18.632911334670126,-6.730904842631773,-3.3915121817004006
2000-04-19,-6.5524720857389545,-17.858777409862103,-6.5065676717384475,-1.4207942369281499
2000-04-20,-7.017710716921507,-17.52866657154097,-6.832723604102739,-0.9497666146177065
2000-04-21,-7.936224964382047,-16.533159870934913,-5.293447925524976,-0.6956603817657725
2000-04-22,-8.018306843085472,-16.510906060341462,-5.246534285223156,-0.9668114544504369
2000-04-23,-8.16157405836209,-15.536936815857675,-4.012173657902997,-1.3646332069607785
2000-04-24,-8.726363482194955,-13.900492686607862,-4.395569279935066,-3.333397676299372
2000-04-25,-7.732039862611988,-13.250097372906527,-4.490361155183121,-2.9616113854366817
2000-04-26,-7.282236690411088,-13.997486000040235,-5.382700645667176,-2.0277713752731334
2000-04-27,-8.423053859244797,-14.686142763385895,-5.767493730167661,-1.717108162138268
2000-04-28,-9.431266779038477,-15.170484177477384,-6.573194226343503,-0.5215550910980842
2000-04-29,-9.670948098099093,-15.44046063938186,-6.5711381316724475,0.7365994116317345
2000-04-30,-10.01953577452054,-15.507284315174221,-6.919645728932258,0.34236752454027164
2000-05-01,-10.161715759070963,-14.120364407604157,-7.7581737292232384,-1.9580881953063152
2000-05-02,-9.188287772574139,-13.999000977098701,-7.516392184807927,-2.1513340461122525
2000-05-03,-7.200946721184146,-13.250523651494678,-7.739428620929917,-1.5255947772611962
2000-05-04,-8.552507582598327,-13.039852872187277,-8.319840597192874,0.4258575196537129
2000-05-05,-8.111653370123495,-13.590918017541687,-8.466269022657023,-0.0684862718499854
2000-05-06,-7.715168407272604,-15.020515399232455,-7.472874719783543,0.8444030233402127
2000-05-07,-5.5159799493049535,-17.348938982484526,-7.544141661094509,2.2601054133665626
2000-05-08,-6.085176802462886,-16.861411672727424,-6.803092106294699,1.8730101225848528
2000-05-09,-6.228367583244863,-17.384192670354807,-5.599390508181159,0.37267961420495976
2000-05-10,-7.560205986743913,-15.898695634577006,-4.703573160171411,1.063002314996164
2000-05-11,-8.0659957741389,-17.616771716875157,-4.876887451191588,0.3575482316356552
2000-05-12,-9.066445809676823,-16.60979267656519,-4.030512820976975,0.7102659560021044
2000-05-13,-9.454257784317024,-16.901506494058932,-3.6632948492267317,1.2203821720988346
2000-05-14,-9.159807197049625,-16.51512219444108,-3.9070206576617084,2.041319023564048
2000-05-15,-8.74633782820536,-17.188946493299998,-3.4718621643754557,1.0850647815132035
2000-05-16,-9.399943583216775,-17.172427046255557,-2.923183234911343,1.5255036655169012
2000-05-17,-8.275815183527119,-18.274775773132312,-1.7849490542786781,2.4117648978128567
2000-05-18,-8.590105450707798,-17.262111844873566,-0.1388782772911623,2.0677950031298318
2000-05-19,-9.523045436093103,-18.342367051643524,0.5857564031690017,2.5889675367954537
2000-05-20,-8.501633465219259,-18.254878887628617,-1.6223260875284127,3.209600905808256
2000-05-21,-10.365032258210627,-18.16040912354478,-2.60064901899499,2.3443777809567923
2000-05-22,-11.685476521476517,-19.62331992768801,-3.6897107914013585,3.290916768573482
2000-05-23,-11.9892170568782,-20.713046702216392,-1.6644410649869927,3.300412935824829
2000-05-24,-11.823353529742384,-20.69257547443147,-2.3361957578772916,2.9226255057845343
2000-05-25,-12.706018518251039,-20.926132295506306,-2.8408510542853818,4.24915732823161
2000-05-26,-12.754768113614979,-21.798089801898005,-5.264507786624045,3.2771146470793653
2000-05-27,-13.027620708781635,-21.850817907349974,-5.323010095302971,2.8015898141053843
2000-05-28,-14.38004377487339,-22.32528643485521,-5.603331153152004,3.435031665174226
2000-05-29,-15.377462777070672,-22.77147484961525,-4.981254939484528,3.776085197516673
2000-05-30,-15.180168224263404,-22.476035160719455,-4.54592239296924,2.0461813202854704
2000-05-31,-15.868754142597119,-23.79066547531789,-4.722042021163114,1.8395620830996817
2000-06-01,-15.927121893038489,-25.993561364004055,-4.760397424617435,3.122363749723654
2000-06-02,-14.325330293327603,-25.10480199943413,-5.125553616775036,2.403470804312819
2000-06-03,-15.089698415875805,-25.93922075662613,-5.541870308384984,4.247639275049876
2000-06-04,-15.590786687396841,-27.39319079719052,-6.625913200346787,2.3115073115541085
2000-06-05,-15.10255748430303,-26.528430614295797,-7.24053998613404,3.6866979845704124
2000-06-06,-14.74570067042721,-27.388322991124923,-6.500064998040062,3.3453217923783867
2000-06-07,-16.155112497379783,-28.767803306708856,-4.501797046094939,3.1712700837636314
2000-06-08,-15.957269115191215,-27.009664900850336,-4.449869075465147,4.218716064699693
2000-06-09,-16.25683389485079,-28.107639199167924,-3.985121583733651,2.8148124953507776
2000-06-10,-17.87853095713904,-29.104334434537726,-2.9291768213244826,2.839834586357861
2000-06-11,-18.444350064563658,-29.236320531001873,-4.3033136295889145,3.54052157036746
2000-06-12,-18.85751530623923,-29.4755261836989,-3.415623589575023,3.55237594915675
2000-06-13,-20.847836612837995,-29.189276969681224,-4.252271132930802,3.763280937485024
2000-06-14,-20.638409277139345,-28.868398336928063,-4.818219963854006,3.3941927791511284
2000-06-15,-19.240524831303293,-28.85794250382433,-5.619678573278333,3.2292207423437573
2000-06-16,-20.941767488611617,-29.032423887715723,-2.5103212767109127,4.177801373183261
2000-06-17,-21.201803349604667,-30.055040115800235,-2.813165212301572,3.192879460371485
2000-06-18,-20.619318261964317,-30.516678042423376,-3.3431778570260327,4.098877238063642
2000-06-19,-21.07756156376812,-30.40132411690006,-2.830562308388072,3.1439995011982425
2000-06-20,-20.56127518106303,-29.24786685191688,-4.193379981124723,2.7611268105792948
2000-06-21,-20.038147876573497,-29.585674261905066,-3.3400010674734775,2.8210695605357268
2000-06-22,-18.844243554472236,-30.411996508676687,-4.565769687312827,2.428679755875503
2000-06-23,-19.719349297813565,-28.88030085857957,-4.689199520520657,1.5537911623133813
2000-06-24,-19.33773378727997,-30.01182381176253,-3.797310924275516,-0.1641350258006291
2000-06-25,-18.63585585911648,-29.547963589980593,-4.302916780850305,-0.4072767925646232
2000-06-26,-17.83794491835989,-30.410655926017785,-3.4549676147015043,-0.7845898223456649
2000-06-27,-16.378152249605357,-30.998972966922796,-2.8704492691850874,-0.1029403476766717
2000-06-28,-17.57947919762995,-31.128664815224287,-2.238876408562425,-0.374376668285604
2000-06-29,-18.221831263031124,-31.064777438097806,-1.6503049670685779,-2.000287632916631
2000-06-30,-17.072594977459456,-31.282659743533642,0.19360518631248702,0.19291494431311085
2000-07-01,-18.253346821513656,-31.604112261071,-1.1385406227131596,-0.5783577764193366
2000-07-02,-18.31146942601511,-32.803374196088726,-0.48017963794711227,0.07653723758953823
2000-07-03,-16.666283287707596,-30.958227399706487,-0.7224610987523215,-0.8089237149456043
2000-07-04,-16.858163300998505,-29.169562856954066,-1.144891466198792,0.6446374405734809
2000-07-05,-17.413204326252487,-28.60167100265689,-0.7114530532659439,0.8759599358311483
2000-07-06,-16.404966257317014,-28.016468158079874,-1.741741185083948,1.4188815496398015
2000-07-07,-15.80452535013607,-27.733841901263318,-3.664041735471419,1.0173553293947104
2000-07-08,-15.938183624590604,-28.73777300184011,-3.49769293103671,1.646810738874096
2000-07-09,-18.044063013885555,-28.80536758835548,-5.050047984699274,0.5715497922346684
2000-07-10,-17.179077414049267,-29.837821623174413,-6.105067603777558,0.16136984712673985
2000-07-11,-14.857960878602398,-30.272115251307127,-5.339704156950311,0.5027948785752824
2000-07-12,-16.768446614244574,-29.329133077028988,-5.117699327691924,0.7882257639628356
2000-07-13,-16.806922832857822,-32.358276058131565,-4.899204680633872,-1.427200327855873
2000-07-14,-14.637073147868197,-32.41835792522247,-5.576716409152599,-1.4049025932834558
2000-07-15,-14.693713070327572,-31.721170336021626,-6.387323362951663,-2.732895330798501
2000-07-16,-14.973124094333981,-31.177684201096575,-6.383871020791261,-2.861470905643501
2000-07-17,-15.073928350880198,-31.599290723816832,-4.164159130702059,-1.7223270247082967
2000-07-18,-14.076034494055007,-30.783827795969685,-4.272433906064287,-1.1464505789476958
2000-07-19,-13.974961771624256,-31.523560453197746,-4.333092790009183,-1.7620067945801554
2000-07-20,-13.439982211889403,-30.997986701824306,-5.70614883232973,-2.854369234099229
2000-07-21,-15.50426432476321,-31.79501165257112,-4.171342956883664,-1.2484831549339908
2000-07-22,-17.307828485167985,-30.188663761007305,-4.431541554010682,-1.0243230774526053
2000-07-23,-16.654495269403256,-30.14376714720522,-4.9333609926826405,0.22137662430365346
2000-07-24,-17.99152077373217,-29.452561682772142,-3.3297386587336244,1.3170518979664876
2000-07-25,-16.5363818872478,-30.021805042063168,-3.1754333731625586,-0.08645957142109228
2000-07-26,-15.940544799253477,-29.579157319882274,-3.111235138051165,1.0565669916277611
2000-07-27,-16.023963699251766,-28.7452936068552,-1.7940609005932882,2.1001790687959065
2000-07-28,-15.255561983861513,-28.696419870224446,-2.6707114401087275,1.2913167323017225
2000-07-29,-15.94157358739827,-28.429251890375355,-1.5436192820239663,0.2810949175466573
2000-07-30,-16.82493708355553,-26.2578232058916,-2.4471069138905164,1.7064451513419914
2000-07-31,-17.843354662540502,-26.11316726202799,-2.144165945693085,1.4788677344254004
2000-08-01,-18.016231447215066,-25.036505766965558,-2.2080364510539825,2.63103077726469
2000-08-02,-17.282278895949315,-25.91867147821895,-2.3102091537011553,3.8545424167906983
2000-08-03,-19.14732242057235,-25.118826762738117,-2.2591527226013444,3.106700242537201
2000-08-04,-17.93159186064064,-25.548190423454724,-0.5298639158033738,3.7181361273431426
2000-08-05,-18.959215677757598,-25.646268976690532,0.02858561138107696,4.618956133213061
2000-08-06,-20.35854140410669,-26.357667236267464,1.0007128974451525,5.400234952408092
2000-08-07,-22.25414399045333,-26.343913489132074,0.5602387892375618,6.76259787354714
2000-08-08,-21.699687436536106,-25.203653323593514,1.150374444648865,6.075902295989872
2000-08-09,-21.949776295589043,-25.650188824290233,2.345864891609651,8.100659241004527
2000-08-10,-21.51380254752326,-24.455843623980964,1.714584314235335,7.193803611493722
2000-08-11,-24.389490018401826,-24.571600838631493,2.6739017999901793,7.281803398553217
2000-08-12,-23.303508146097915,-23.759009010052537,2.341332343729936,6.557408604310587
2000-08-13,-20.555352135818335,-23.080412730340015,1.5831496921754953,6.202844691998125
2000-08-14,-21.15223241513558,-23.202406521240672,1.4388402562528815,4.102903435492108
2000-08-15,-21.47503851108376,-23.074761912951285,1.0503008141708092,5.7839752308736205
2000-08-16,-21.395708715643387,-23.578011355929426,1.252069186293682,3.661262802361067
2000-08-17,-20.150921424142098,-24.160965684305,1.4583110770302237,3.2580410341429866
2000-08-18,-20.617743546110916,-25.018764624124543,3.2124322596230126,3.628867600419382
2000-08-19,-21.962429417768924,-24.368109095416667,2.8183647985959532,5.97292762058334
2000-08-20,-23.36006692378143,-23.080429705026663,4.127627387350835,6.695168775526356
2000-08-21,-22.27448435446454,-24.398571541495944,3.659704892025804,4.705884528156534
2000-08-22,-22.937622840208064,-23.146885628725606,2.9128947828597096,6.405846245921322
2000-08-23,-24.26893853553292,-25.438411901909163,2.7676450644718398,5.338400864885198
2000-08-24,-24.431280430529647,-25.601267395442658,2.606895005429302,6.352148378625572
2000-08-25,-24.861810534108454,-26.100979590057687,4.707101486474734,6.153150641373576
2000-08-26,-24.9492335285039,-25.267579973036717,5.903785242782662,8.602962539561663
2000-08-27,-26.017335514830823,-25.884108845703082,6.068787828905489,9.388552729586483
2000-08-28,-24.081812190083017,-26.889101397538585,4.074070633780597,9.754080479109659
2000-08-29,-24.097017493548552,-26.614163233920884,3.9341794202551004,10.211883478477443
2000-08-30,-23.81782718707197,-24.890913393347503,3.671104182879343,9.325963790521598
2000-08-31,-25.225584780793284,-23.962065372570997,2.957745072021611,8.650236725293583
2000-09-01,-24.91750206147464,-24.15164401384048,2.8024461775878287,7.514155670116647
2000-09-02,-26.334607723954974,-24.587340809016723,1.049667684964785,6.22386923229797
2000-09-03,-26.0015664532863,-24.04820575072011,2.652751528898404,8.528699441664543
2000-09-04,-24.605429466383193,-23.79871692128414,3.1287224848524566,7.784916687899398
2000-09-05,-26.212252345977724,-23.944596433099054,3.332415199975463,9.486865143382566
2000-09-06,-26.246984951852156,-23.182201717458724,2.764050681411284,10.343719608606161
2000-09-07,-26.95724190933727,-22.76332939219083,2.2688857267920612,10.09493224300427
2000-09-08,-25.38811017063194,-20.647838651513112,2.6925238229194868,9.235153088321471
2000-09-09,-24.880516759881377,-22.305883671859238,3.019567733435631,8.665833389952068
2000-09-10,-25.40275360725031,-21.06572317041515,4.8556699318632,7.510040402525154
2000-09-11,-24.145136180074573,-21.644431621646046,3.8142323990551397,7.893620734807164
2000-09-12,-25.687856898088672,-20.903273217255038,2.6013864363771813,7.333949609483913
2000-09-13,-25.00705387915022,-21.74539452528649,1.7631949951267742,6.408913676356316
2000-09-14,-22.916331394771166,-20.467157156701482,1.6707617665360155,5.834208343816483
2000-09-15,-24.150928984179345,-18.735740364341872,2.1245945107851423,5.937553750149046
2000-09-16,-24.561177359987926,-19.3918294084499,0.9998986240471215,5.7857542868570135
2000-09-17,-23.895766954312435,-19.617895018006614,2.9419768036428016,3.8708220273295266
2000-09-18,-24.834290884587546,-17.554497284523784,4.247893259293521,5.602572383949439
2000-09-19,-25.64630676248371,-19.687303044827846,4.395596741981636,5.832245833072282
2000-09-20,-25.1180642900336,-19.816179209899705,4.354541396258487,3.702181902058819
2000-09-21,-25.810513041827008,-17.17094612375003,3.974014541209094,1.8416118278715587
2000-09-22,-26.101802157124666,-17.284214705956266,3.5244517707558454,0.8823152152915649
2000-09-23,-27.688661081383263,-18.239365327485245,2.6284157931601455,1.069550575006521
2000-09-24,-27.211489853992514,-18.449759499266953,1.124558986371373,1.7012103217000067
2000-09-25,-26.2617635272064,-18.43267626049888,2.4925742787147858,1.4140990914123328
2000-09-26,-25.347782516308197,-20.685727700566474,2.3389678953937625,1.044576409468969
2000-09-27,-26.305134734373567,-20.90188612950954,2.9991829610907805,0.6433172945303303
2000-09-28,-25.546357478819004,-19.252441703972668,2.4929244477491386,-0.07566987082345566
2000-09-29,-26.32811777375098,-19.17395270729746,2.935357298509239,0.6221295972943168
2000-09-30,-24.983075738286686,-20.043936348956738,2.7171665844835564,-0.2922628453353078
2000-10-01,-25.52115158274486,-19.782192415767796,3.8246930089653244,-0.22757419691852054
2000-10-02,-25.017057941530155,-20.431912950882662,4.588630256034295,0.6745323003405701
2000-10-03,-23.918991751477215,-20.451467607992114,5.69819922227053,0.8933481245940403
2000-10-04,-24.756575216026594,-21.003334842767178,6.760501519194861,1.8147885927479774
2000-10-05,-26.320224509358994,-20.129677382961127,6.634624372271125,1.6320756558930767
2000-10-06,-26.25994825397065,-20.798200239411447,7.182304471074142,1.7941063899323824
2000-10-07,-25.070020685328913,-20.84534928645272,7.147947189281556,0.5171113215132022
2000-10-08,-25.482050942418507,-20.89946486390849,7.935423786185378,0.6227475817156488
2000-10-09,-26.591693136465366,-21.498337157799998,8.294331268521928,-0.2794700832922219
2000-10-10,-28.487920197091366,-19.617163891179647,8.060704662868401,-1.1370231496554537
2000-10-11,-28.383838562948604,-19.170564033952775,8.729788732756365,-1.1762557258972257
2000-10-12,-27.952800043585565,-17.190201800050097,7.7720065676211,-0.04496621321269534
2000-10-13,-26.83538623270785,-15.828997886003846,8.25940385770985,-0.22370078229392287
2000-10-14,-26.064577287045594,-15.405317737571455,8.889267465293358,-0.5917050521878198
2000-10-15,-24.355921716108973,-16.472868642072697,10.35182839867913,-0.9574422163905194
2000-10-16,-25.053003435116484,-17.317134287960105,10.337534907130873,-0.5045023452083869
2000-10-17,-23.43567517989066,-17.87683396547581,9.833811183943265,0.13399230499761794
2000-10-18,-23.26102498869459,-20.18097519284327,11.814459921107765,-0.2005012697871354
2000-10-19,-24.43236674382748,-20.958092672975916,11.050795603405367,-0.695241075171358
2000-10-20,-25.508890855647987,-20.955816418522538,10.869046976208127,1.0601438251565336
2000-10-21,-25.598332290679256,-21.12150021014372,12.638648069037977,0.8623637365930599
2000-10-22,-24.735329534419318,-22.333512830247876,12.401612251614353,1.5501537177984375
2000-10-23,-25.22979559890997,-22.04734917630337,12.790663273251745,0.6137119542690314
2000-10-24,-24.89038304542455,-21.803965197108365,12.035096157439904,0.3290224423635314
2000-10-25,-23.30194478197479,-21.252900627087413,10.25820204471576,1.1082797645693256
2000-10-26,-24.68985145893476,-21.078727885427973,9.895243547337,2.0100616957944277
2000-10-27,-24.613075113648208,-20.879090919831487,8.729509582094316,4.110539359723515
2000-10-28,-23.769938419044863,-21.38705158253596,6.913157886440624,3.929691076272895
2000-10-29,-22.67957045681485,-21.01547090822694,7.6146268172387535,3.5041814368044895
2000-10-30,-22.72308479078703,-21.456222883651893,6.784790906897055,5.036240794770037
2000-10-31,-23.680645915294477,-21.567927811966324,6.633719657790097,5.062740457952997
2000-11-01,-23.29740270718997,-20.95429510711101,4.98287307488178,6.168033066332829
2000-11-02,-23.119878830526822,-21.23060762734361,4.561075632653676,5.326076324971856
2000-11-03,-23.12792083136521,-21.405644518949803,4.340406433921671,6.896949211696139
2000-11-04,-21.22007059148225,-22.002921179288858,4.913085712593667,6.895447628664924
2000-11-05,-22.058051650482145,-19.97578695996526,5.283158774645513,7.384894340462388
2000-11-06,-22.349572464863048,-18.97991665599683,6.019587694857964,6.998180639925386
2000-11-07,-23.03853831448618,-18.662546041550925,8.105010224685708,7.457685264440081
2000-11-08,-21.525548563678573,-18.225875409234533,7.960864883778396,8.308433039641416
2000-11-09,-22.21219412543255,-17.71268062847815,7.850759562691021,8.35653392855273
2000-11-10,-22.820960097152845,-18.107678620206467,8.632531331435004,7.641803869547207
2000-11-11,-21.776204467874205,-18.514983678250783,8.472776628898949,6.772179363344024
2000-11-12,-21.481741325161153,-17.826445752429716,8.250250772639545,9.01578047490161
2000-11-13,-20.543213330846918,-17.583137036569312,8.263887133635036,8.730294604898514
2000-11-14,-22.25587815123387,-16.87371116780636,6.941871024676196,7.278191484856294
2000-11-15,-23.32988148493719,-17.386027235545953,7.58921327164025,7.376000931549264
2000-11-16,-23.839591247209132,-16.375214632992027,8.31431320244649,7.181699788631399
2000-11-17,-23.188940872403077,-15.604736034871921,7.82145531432551,8.134562810056533
2000-11-18,-23.852390906152493,-13.33291659271046,6.930046559915085,6.6670269629881584
2000-11-19,-24.40562600086276,-14.946322243861285,6.494519316054788,7.2218389668133325
2000-11-20,-23.441561967556172,-15.28830524978369,7.006315846408821,7.080604059650382
2000-11-21,-25.24885469023616,-14.517737331474963,7.382324081013132,8.046268886354614
2000-11-22,-26.333008381011677,-14.441406257640349,7.377399559430087,8.481200347790164
2000-11-23,-25.142230384785023,-13.66628504119678,8.944350062393546,6.077098647478728
2000-11-24,-26.256990447262275,-12.982500339529258,9.420458720049076,4.887267192133859
2000-11-25,-26.468596986650635,-14.226038291441743,9.269372939530781,5.708612336668905
2000-11-26,-25.91675640465111,-14.189265994609968,7.843085502448348,6.407600158912103
2000-11-27,-24.144674405933856,-13.289989968149527,6.227745732068113,5.531717264764917
2000-11-28,-24.207483980772988,-13.7169380120591,5.8398055846993175,5.581652452581064
2000-11-29,-25.469157900864232,-10.762603128898412,4.507049232807287,5.394437101315645
2000-11-30,-27.315125435037658,-9.750581173292625,4.580917379253588,6.191166464458513
2000-12-01,-27.271059759822425,-11.79098174695021,3.753594684742178,6.109168008354897
2000-12-02,-26.943673496231636,-11.94296997456624,4.296149438167243,6.750643864188371
2000-12-03,-26.28256860415554,-13.513974920041878,5.899318852178716,7.210389313269338
2000-12-04,-26.359523600932963,-13.937273033043708,4.157232696661379,5.366762626446526
2000-12-05,-26.822248146919932,-13.34953331446091,4.886507147681837,5.125668895710324
2000-12-06,-27.650142071258813,-12.445080098533364,2.2372131251330876,5.17554087184524
2000-12-07,-28.076043273825313,-11.296328278379265,3.4428975527935926,5.407102424627334
2000-12-08,-27.33886056812702,-10.394931582092246,0.9313757061057268,5.0576916032671395
2000-12-09,-28.466379238387326,-11.885324130846316,-1.277668913568828,3.3286705945295783
2000-12-10,-27.19636986435821,-11.804758863737923,-1.3264535608627803,4.225382016881477
2000-12-11,-27.27266456027887,-12.061222277040972,-2.3857570202088283,2.4026078769363104
2000-12-12,-28.320049778060397,-13.75154660345599,-4.328433309470684,2.736955803606338
2000-12-13,-26.685180202489253,-14.457165601118207,-4.375230230730518,2.2833443049410365
2000-12-14,-27.821312777938115,-13.492944613014927,-3.2794942116141295,2.751855719225298
2000-12-15,-27.714832505988426,-13.88816823574016,-1.2988415107929776,2.199885186648131
2000-12-16,-28.512597403766048,-16.979235126410263,-1.0704161457810244,0.822968301394938
2000-12-17,-28.779787022166065,-16.994344924529795,-0.7101961428945275,1.0967983003291955
2000-12-18,-27.4884444649217,-17.410636272294987,1.3444762470495744,2.0277895838537576
2000-12-19,-26.453189885888918,-16.8576542498747,1.817915586918681,2.647570913830406
2000-12-20,-26.170793783114625,-16.970096279177394,3.0656841455068147,2.0227638701088537
2000-12-21,-27.56204173835858,-16.977327478443762,4.37707064115148,0.38576187241844373
2000-12-22,-25.81299930464198,-17.970912099575102,5.091597641935618,1.5571339490916787
2000-12-23,-25.307106206375604,-18.56283821072015,6.825462517836863,0.9285724509823147
2000-12-24,-24.726870213375886,-16.633616975912418,8.923957955414188,0.4364799992116225
2000-12-25,-25.106884683179764,-17.368626993325453,8.709747103916245,1.0411436358199335
2000-12-26,-24.189749283138347,-17.265943316962172,6.5507582636463075,0.42345609845522125
2000-12-27,-23.865046426954184,-19.28579050417737,8.589135190700118,-2.378008888164433
2000-12-28,-23.819537436903655,-19.57526226663778,7.285164946893119,-4.411514448252619
2000-12-29,-23.843168823964728,-19.55674186129972,5.695016360700405,-3.8317112207296837
2000-12-30,-24.83894955628188,-19.53073564713846,5.22566267309042,-3.077472553750419
2000-12-31,-24.871124617378875,-20.40761486741289,3.6774799699955096,-4.672245605879377
2001-01-01,-25.754592468267184,-19.103880276797025,5.076210508017214,-5.108785198700018
2001-01-02,-26.938640096461576,-18.70026717148484,5.952878241417615,-5.797136641123423
2001-01-03,-27.237543734638415,-19.383608652689343,2.722857430043595,-6.619009796555288
2001-01-04,-27.581430912341126,-18.93502581327414,1.7987329446278535,-7.266692899018054
2001-01-05,-27.854438338972706,-20.384782634866916,2.5409835049155904,-7.13261649153095
2001-01-06,-27.37301308860317,-18.03257840558266,1.727524101050999,-6.616080645641268
2001-01-07,-28.147365540575848,-17.50015152791212,1.6647258077830436,-6.718947325764474
2001-01-08,-28.485355947568653,-19.091518486909603,2.4774678101952388,-6.77953735175981
2001-01-09,-29.596059079427793,-19.579751460948692,1.8441862846247536,-6.344508192357799
2001-01-10,-29.21478237385798,-18.778931126777586,0.6364603728304916,-7.002113446180513
2001-01-11,-28.161796173061102,-17.33320638957216,1.4689047572342528,-5.871273372070694
2001-01-12,-28.67297518886208,-18.261990680080128,1.5458762868186449,-6.470159493950795
2001-01-13,-27.754528484320062,-18.451955508658987,1.2551175785322513,-8.569675543409415
2001-01-14,-27.600669603086335,-19.552931623893205,1.0699899349570905,-7.031815056417502
2001-01-15,-28.65511057535009,-19.61578530996348,-0.27429369198496545,-7.508844414284324
2001-01-16,-27.389821932352174,-19.846232419936584,-2.1794860829037517,-8.421096830332512
2001-01-17,-28.62034661242035,-19.889703523421534,-1.5341251806507181,-7.7964303483777915
2001-01-18,-28.116528016068745,-20.5461725152028,-0.13171318584092684,-9.243099911553564
2001-01-19,-29.03962091387304,-20.19899982319105,0.5659294303538727,-8.676633114854491
2001-01-20,-28.050531199297232,-19.636575407419382,1.028090597881954,-7.186376315010907
2001-01-21,-26.109793341015443,-21.704690446198573,1.4116640652541097,-8.878871994356688
2001-01-22,-27.307031181519918,-20.014070180528613,2.5453966375243113,-10.524829062204292
2001-01-23,-25.94613858561214,-20.149231732924008,4.04303802315596,-9.068500926539652
2001-01-24,-27.325043746203736,-22.096177927243453,3.618340895983767,-8.847905154339276
2001-01-25,-27.938715533719158,-22.131671359283864,2.8108250155090313,-10.832063119350675
2001-01-26,-29.095433642521368,-21.99521406641014,2.8287594747923253,-10.732080430856715
2001-01-27,-28.900186030210516,-20.427177683385928,0.6152127094872344,-10.751401949182464
2001-01-28,-28.577923579260666,-21.47491643161048,0.801817587896761,-12.106942149782228
2001-01-29,-30.09714728809334,-21.28917032789451,0.39189059524055336,-10.043846266897871
2001-01-30,-30.143019187655067,-21.50705009578332,0.9857540554735829,-10.206821769710308
2001-01-31,-29.94015567127144,-21.518026762229887,2.692556085727599,-11.217563898304451
2001-02-01,-29.763663434247835,-21.118717671974466,0.9106239090367647,-10.656383870044266
2001-02-02,-29.39211674789409,-21.01063697072078,1.5169056843305464,-11.927636843841267
2001-02-03,-28.046809127650363,-20.914668247999966,-0.8079251256487949,-12.790815147670559
2001-02-04,-29.33438615794063,-21.088197055698135,-0.19933220012967634,-11.432807847884712
2001-02-05,-29.20727708201753,-19.53245423293877,0.049060943577696525,-10.790420524998364
2001-02-06,-31.033090951921814,-19.461194573536442,0.20161662461337965,-12.520525862244337
2001-02-07,-32.273844811209045,-20.08732965401236,1.3285061004630883,-13.001434683849704
2001-02-08,-33.33691321977478,-20.82818531456952,0.443493210526798,-13.23285567161793
2001-02-09,-34.4399289632613,-22.500774566720047,1.1237801475360436,-12.852346993866547
2001-02-10,-34.70426300283126,-23.00052718942031,1.0324243376141455,-10.968555307854933
2001-02-11,-34.868463769687295,-23.556279723701554,-0.4498860554684794,-10.143093615304213
2001-02-12,-34.316498036203825,-22.774494443523896,1.7588933192214333,-10.67674350983369
2001-02-13,-34.45338738841732,-23.124899812284195,4.7868529200841285,-12.727789551885884
2001-02-14,-34.267134463432676,-24.103334864990007,1.8703380129248806,-12.94622006855768
2001-02-15,-34.04184239208411,-23.748045963167982,0.5921834639896284,-13.239405455670017
2001-02-16,-33.741490880058784,-22.906292022821876,0.894901018367667,-13.731062159032607
2001-02-17,-33.99828346203443,-23.157859842795318,-0.11036523539752274,-14.217617095206132
2001-02-18,-35.003091903937566,-24.194164262290272,0.5878941786986384,-14.492170976189703
2001-02-19,-36.34174898782156,-25.415020041119202,0.6189761218089926,-14.022607027359825
2001-02-20,-37.21838341268618,-25.37340280867189,1.824066328319954,-12.582903985015637
2001-02-21,-34.81749917848398,-25.855244848192168,-0.78402255318196,-11.716806248618674
2001-02-22,-35.235938816768154,-27.94344514660794,0.8807739264957526,-11.17238700839959
2001-02-23,-32.724791917606446,-28.664944287906447,1.7183923014315048,-10.812329167489805
2001-02-24,-34.41321117090751,-29.905884294940844,1.4020691431396548,-12.66914081630093
2001-02-25,-33.97551188223834,-29.99625024144205,1.589416996452306,-12.24886895619051
2001-02-26,-34.483623995054025,-29.821275685251667,-0.5820410896433148,-13.621987511416913
2001-02-27,-34.67806519677355,-30.17138711810617,0.49281087983982874,-14.06691428155603
2001-02-28,-34.05008753856991,-31.479435047854814,-0.48932641772587415,-12.99893601895824
2001-03-01,-33.70977322009755,-31.025277985969648,-0.8173335782897522,-14.220924757217519
2001-03-02,-33.46603969779867,-31.121346825136214,-1.2800831698191901,-15.458955060482035
2001-03-03,-32.64993815766845,-31.0307186055534,-3.48216894989195,-15.634813724218304
2001-03-04,-33.141896285633244,-30.587700580660343,-4.642169996758749,-17.373085486741566
2001-03-05,-32.93584989516841,-29.582717539747456,-4.319203827263312,-18.045098328123355
2001-03-06,-34.471642737992056,-30.22198584210557,-4.8825519782031845,-17.835040645925535
2001-03-07,-35.30179512958059,-29.88671005044723,-4.742642185690933,-18.01110724304521
2001-03-08,-34.07386421278508,-32.165607576425614,-3.07049974145138,-16.718592235137425
2001-03-09,-34.651076200540395,-31.386630220814528,-4.061170810900782,-15.223229427551962
2001-03-10,-33.371188245816846,-30.309118114877187,-2.507089813033458,-15.147887404632707
2001-03-11,-32.52791465281031,-29.79887311106241,-2.703658694480214,-15.444244079738617
2001-03-12,-34.16146459186781,-28.944011517220236,-1.4627647301673739,-15.232768576349422
2001-03-13,-33.83263717657372,-28.14197813882642,-1.1765462199481014,-15.44316585640193
2001-03-14,-33.553313651714475,-28.30295325529959,-0.7008722389493595,-14.70739565495548
2001-03-15,-33.52921251591994,-28.15726706405542,0.7741648619527891,-13.345937167185301
2001-03-16,-33.84219169503103,-28.673491324112362,0.40105117941717666,-14.710695353833533
2001-03-17,-34.00712478308397,-28.621626924420795,-0.2761412647123022,-15.366325789579651
2001-03-18,-33.737231350066935,-29.305336256688964,-0.937802128556249,-14.637709179017284
2001-03-19,-32.803707418448774,-28.848583933054428,0.4355570878661459,-14.932944042064195
2001-03-20,-32.58761064169129,-29.894664479913203,-0.07854767776940341,-15.42798952712656
2001-03-21,-32.72793163843191,-29.26883362685872,-0.3961772425545544,-15.476584472876993
2001-03-22,-32.20495331940197,-28.91585350344771,-1.3538149947857683,-15.178103267412729
2001-03-23,-32.01113566433759,-29.46596139128785,-0.6414847121142008,-16.160203912971692
2001-03-24,-32.63507611064439,-30.811622459886618,0.07671139339238897,-17.37975746502726
2001-03-25,-31.67880334137944,-29.41546135577285,-1.3404512657958016,-15.371054477398806
2001-03-26,-31.729865798323406,-30.728192868826937,-0.9393401267443433,-15.896723314413466
2001-03-27,-30.2898892967185,-31.4588846761764,0.08368475503019357,-12.98405383089706
2001-03-28,-30.145916296521076,-33.620475319578205,-0.1381126432401947,-14.578523068453412
2001-03-29,-29.83669809235962,-34.095320968897795,-0.6383380665669199,-14.512186310774712
2001-03-30,-30.7380701753293,-32.72927838412385,0.8734024740227334,-14.737644674374362
2001-03-31,-30.99484835560611,-32.86774147831313,-0.013652669332094192,-14.832973747374059
2001-04-01,-31.116011389217054,-33.01776793841202,0.35352906339738055,-15.502575302588669
2001-04-02,-30.759475456215572,-32.99733680277858,0.34105634300801807,-18.219572151955802
2001-04-03,-29.46297016568685,-32.09176756709345,1.1504497651963135,-18.385482162301408
2001-04-04,-28.886930301477445,-32.93026401441744,-0.9160818002282598,-18.744124502806304
2001-04-05,-28.579136384752236,-32.8931119692253,-0.8484695441811728,-19.107826250972085
2001-04-06,-29.113361320770085,-32.97900276083382,1.5443668528251289,-20.296993005387836
2001-04-07,-28.908842819775206,-33.91961654667388,1.4474125120514092,-19.943446276229217
2001-04-08,-27.5316800346202,-33.823638785129894,2.0991422548962806,-21.227366921382703
2001-04-09,-26.54817861424707,-34.54600173011945,0.9001567234291583,-21.61611817766158
2001-04-10,-27.54652811173945,-33.26069854203817,0.9844498644940168,-21.16196989498668
2001-04-11,-27.309127765065004,-33.491590528472685,1.0802693995845827,-19.984257410933235
2001-04-12,-26.427753438696907,-31.32678547982237,1.180443544727324,-19.548540542908366
2001-04-13,-27.725798977826827,-30.967413576149664,0.8620955510289996,-18.47981050642038
2001-04-14,-28.59776304431294,-31.20976961961197,0.14160885881974172,-17.940692762191212
2001-04-15,-27.667245017174952,-32.707270935056414,1.4631751141394345,-18.826116000383177
2001-04-16,-26.963253597025926,-32.955482025154346,1.1105120138401205,-18.86516558196905
2001-04-17,-25.52299013750757,-32.3644158168444,1.204084489469764,-18.94959723867668
2001-04-18,-24.92648812824298,-33.33635629433512,0.006398792399465281,-17.654031467840134
2001-04-19,-25.565383270842332,-32.81357174826929,-0.7735923693992328,-17.852012577067992
2001-04-20,-25.51061078382001,-31.787392958745706,-0.07374383131260775,-17.180790607462853
2001-04-21,-26.209278570362354,-31.849080726379107,0.6849274509410939,-16.207360679152444
2001-04-22,-25.938768217113417,-32.58303544048113,-1.5626914074162603,-17.030885647398943
2001-04-23,-24.57557075062232,-34.328315013801294,-2.1198392588852126,-16.835727921436085
2001-04-24,-26.80995541550114,-33.85839961248298,-3.5531431271830436,-16.130378857346546
2001-04-25,-26.194101166954436,-33.21567788110102,-2.995036823820354,-16.196886228154774
2001-04-26,-26.667497572389752,-31.282521914262517,-3.1236623746014778,-15.965613430876706
2001-04-27,-27.784381845202777,-31.595838988965998,-3.8510111296426492,-15.015312452068368
2001-04-28,-28.86729794567034,-29.66385541957099,-5.25144294180434,-14.164176164586587
2001-04-29,-27.338663576453584,-30.018335037685713,-5.294824105346447,-13.849913875981363
2001-04-30,-27.78114436102815,-30.1169495987563,-3.1226492195968656,-14.457097504733921
2001-05-01,-25.467970896711645,-29.661759479610502,-2.777035312275242,-15.850757347507555
2001-05-02,-25.535276765294196,-28.68965446302605,-2.727691971138066,-14.042895076179581
2001-05-03,-25.700263149545126,-29.101549957981064,-3.218559214291507,-12.947373927284364
2001-05-04,-26.08255720565645,-28.739579772074624,-4.505248462022562,-12.561808375241531
2001-05-05,-27.846528846795508,-28.2947012452564,-6.770642628444875,-11.80967547642177
2001-05-06,-28.444145906135173,-28.39302952935812,-3.7531159181999865,-11.953579402263856
2001-05-07,-28.07202118482844,-27.141114445828684,-4.4929909581183765,-13.51103692675535
2001-05-08,-27.57272097275129,-27.898299062939298,-5.213577448940579,-12.833057611275917
2001-05-09,-26.76632664014074,-28.15605437221928,-5.247872527120174,-13.513298020332034
2001-05-10,-26.432843493546716,-28.85370229497167,-5.518919056020771,-14.01731362665967
2001-05-11,-28.484784389538124,-28.904490585007796,-4.915323258125081,-14.427585095016175
2001-05-12,-28.71247132499829,-29.403902289515983,-5.291992405581983,-14.337190384655543
2001-05-13,-30.100102355956693,-31.574312493245756,-5.998359777312382,-14.038127521057854
2001-05-14,-29.49812238121348,-32.584372549035535,-5.096999603225981,-15.009315569767754
2001-05-15,-30.6873523893648,-33.17552796588626,-4.6720458893625585,-15.459458646707372
2001-05-16,-30.350890570175313,-34.572136453174274,-4.185040919331447,-15.543005302823484
2001-05-17,-32.567029510524996,-33.4526415136817,-3.4878994669137673,-15.441904465086482
2001-05-18,-33.67477435860568,-33.36555396850364,-3.170686438283516,-15.766278495887608
2001-05-19,-33.9539707762606,-33.42344028460348,-1.888148030639047,-15.350270862426463
2001-05-20,-33.85421621154549,-34.19679991941173,-3.0499576683232084,-16.844071895787522
2001-05-21,-34.38845610411623,-34.862328038760126,-2.95037477817862,-15.634047606961257
2001-05-22,-34.22728088097114,-34.11378197456904,-3.242502402366018,-14.912359339408034
2001-05-23,-34.2465980802193,-34.11900258824867,-2.1930142901984793,-16.39321628663261
2001-05-24,-35.06020772513112,-34.755626095608356,-2.0578680162166063,-15.798393709602214
2001-05-25,-35.07700596827214,-35.40557247770703,-1.5501568492656177,-15.496367588131177
2001-05-26,-36.069230720495156,-36.306847982828664,-3.8304940800500034,-15.697392723619345
2001-05-27,-35.67488454057415,-36.8081941118166,-2.924802141874994,-17.025025506080738
2001-05-28,-35.282971124345615,-37.61342515770397,-3.230332705016763,-16.014973728579395
2001-05-29,-36.67458937267661,-39.87700858430834,-2.773356349160199,-15.689222682180084
2001-05-30,-36.78465932838224,-38.9088648401602,-2.940343666619933,-16.79929746969215
2001-05-31,-36.33831279379229,-40.614987823436806,-3.036370392209168,-17.611738247383837
2001-06-01,-36.69858283516652,-41.11219800037332,-4.04510648137815,-16.842933664299625
2001-06-02,-36.22777790971617,-41.06160484421958,-3.071922552511653,-16.056792502446314
2001-06-03,-37.10653384842948,-40.26599610480044,-3.8276152694236534,-15.822761837505507
2001-06-04,-37.9078285255497,-41.04869210296594,-4.789342014373521,-15.791748574704856
2001-06-05,-37.22725173416345,-41.57774255411739,-5.057727017735985,-15.597841982967628
2001-06-06,-37.91104884337453,-42.12556624203585,-4.229678419932032,-16.33718205395504
2001-06-07,-38.30061172818603,-42.674686678399915,-3.520357066101793,-18.448876387148868
2001-06-08,-39.33458040320831,-42.99763567700379,-3.860327387654767,-19.09126397287133
2001-06-09,-39.4590911673978,-42.73480859672158,-3.8978180103585376,-18.55087660036913
2001-06-10,-39.20404687705473,-41.98515585683441,-4.934150779682907,-19.426402882145474
2001-06-11,-38.27836194018415,-42.998428244931496,-4.545152853111363,-20.505612590035714
2001-06-12,-38.28422931706378,-43.26361752820434,-3.9741964654351443,-21.046911684912505
2001-06-13,-37.563043984840746,-44.29316217657882,-4.454948058073732,-20.232147565791593
2001-06-14,-38.42827830844251,-44.62235335132319,-4.516372450421203,-20.51044000092952
2001-06-15,-37.06650359230069,-44.93139673812845,-4.154347334311773,-18.788204742561472
2001-06-16,-37.225987677849766,-45.02930091277814,-3.047162148878612,-17.328061294179125
2001-06-17,-38.13800867948446,-44.89646498415232,-4.557819492348904,-18.138460366750838
2001-06-18,-40.01037182382082,-44.570201017802255,-4.724063314480435,-16.94312801849887
2001-06-19,-40.20229865682964,-45.42350870775955,-5.941809733539229,-15.209635395607528
2001-06-20,-39.40512788463339,-44.61132480541018,-6.699814047426624,-14.150314669126198
2001-06-21,-40.54952190372677,-44.69005310421019,-6.0133876534567525,-14.582302369187962
2001-06-22,-41.57674533051429,-41.68406999876973,-5.521573213011563,-13.87758353112697
2001-06-23,-42.23472091370176,-41.96780236203381,-5.338447908739341,-14.805915060670959
2001-06-24,-43.645062897101354,-41.67910041471505,-6.733874883581778,-16.1733659890693
2001-06-25,-44.72674634171476,-43.35882151658873,-6.188495293254572,-17.00047549112854
2001-06-26,-45.91248329839758,-42.427537465435684,-6.307224764480621,-15.449641426483952
2001-06-27,-45.55612285559352,-41.64127857851393,-7.189102685013254,-14.166856628873688
2001-06-28,-45.62863300625264,-41.83076414382246,-6.953724546506243,-14.273787282893469
2001-06-29,-43.63915093781372,-42.41130193835172,-6.514183343739209,-12.07223915900634
2001-06-30,-42.866775778019935,-42.37797522085685,-5.929379370648563,-11.214711972622561
2001-07-01,-43.423396475570286,-41.530428390347964,-6.278413470806251,-9.604306509568397
2001-07-02,-43.172571770701445,-39.77568100436379,-5.654648456990148,-9.081886300816153
2001-07-03,-43.115204181973944,-40.622071352374135,-6.400621607973603,-7.127899467521189
2001-07-04,-42.59016291521226,-38.717287908841946,-4.4754108094324945,-5.693509814930627
2001-07-05,-43.174300246033916,-39.15630583806716,-5.189671648408117,-5.257039895326814
2001-07-06,-42.593424437746414,-40.42719529729207,-5.417948012847934,-6.829992984570747
2001-07-07,-41.475127240424975,-38.150561699716526,-5.511340536028819,-6.432620774598604
2001-07-08,-41.26495163782332,-37.9254918392155,-4.2845712306304655,-5.841215030151049
2001-07-09,-41.400460519229405,-38.52608524238423,-5.120613768588039,-4.962127991696235
2001-07-10,-42.151692249261274,-38.64333303555517,-5.241462908205853,-4.898443673958886
2001-07-11,-42.120198446257966,-39.32266626017804,-4.9773746932088425,-3.6143928358371378
2001-07-12,-41.10368128513906,-38.8330209651592,-4.960554452201445,-5.425102206943972
2001-07-13,-40.310591280478945,-40.609814962747606,-4.638917112291437,-5.674313836887095
2001-07-14,-41.42043697499565,-39.505745858644104,-4.1970832626666095,-6.177824153044593
2001-07-15,-42.07256506051862,-39.7213736225582,-4.988307801131892,-5.523291113144888
2001-07-16,-43.25254655888027,-39.38111227274407,-6.804520721434795,-6.148993098354801
2001-07-17,-42.335323315033214,-38.8737724448241,-7.9511174865936765,-5.235163020743291
2001-07-18,-41.63550929732194,-37.449967459966075,-8.44730562352861,-5.690052750868126
2001-07-19,-41.40352881161575,-37.933426105725324,-7.308444011401386,-6.71412341340336
2001-07-20,-41.74693751524408,-38.59035498226441,-8.188746808186258,-4.615249010635248
2001-07-21,-42.43892361717339,-37.97839147593406,-8.020683688113365,-3.8814588933749996
2001-07-22,-43.04080592656789,-37.45031131563843,-9.70038106193536,-3.250720304695176
2001-07-23,-42.37600941351007,-36.1485353889273,-6.825061840818156,-4.31046964845888
2001-07-24,-41.648331910694125,-37.161537195963156,-5.073760095991007,-3.7405678959673714
2001-07-25,-41.12552371059535,-36.946621743438996,-5.2653236591724175,-3.982613509640506
2001-07-26,-41.219948654332065,-36.376765057519655,-3.789093180194426,-5.0866177355819815
2001-07-27,-41.31077142651618,-36.79680755815738,-5.031849931175597,-6.016296885580911
2001-07-28,-41.02952176270671,-36.52037137642761,-5.405535676002339,-6.548997230082911
2001-07-29,-42.15197044003258,-37.64398633090333,-5.994690196827502,-6.833757458512302
2001-07-30,-42.735048607690274,-38.14571549713577,-5.031252203788643,-8.52485815270372
2001-07-31,-42.83351023503962,-38.35741576149913,-5.406570351225557,-7.060353484911719
2001-08-01,-42.28029079427749,-39.68551521051923,-4.582351487909052,-8.043954460537185
2001-08-02,-41.635201340623155,-38.74838965766396,-6.0652731407202065,-8.173914432727269
2001-08-03,-42.62432132717185,-38.999235214713316,-6.106860362786001,-7.941296857517496
2001-08-04,-42.98793600597674,-39.49778555202434,-4.73949736662624,-8.317055483272185
2001-08-05,-43.50274508782081,-39.68666511830549,-4.140141556290497,-9.703007616516304
2001-08-06,-43.558140727220305,-40.08680493487331,-3.8697565379927745,-8.321038949075081
2001-08-07,-44.13916783104336,-38.91727454468024,-5.743756929837141,-8.456314724657293
2001-08-08,-42.35320012601005,-39.109942714832,-4.4527096863612154,-7.919499438592617
2001-08-09,-41.75686916736286,-38.759444381774344,-2.3879313072693167,-8.659183244888139
2001-08-10,-42.27456589074006,-39.2965786979813,-3.0840775816178634,-6.583785006996784
2001-08-11,-41.840491132971984,-39.62707336381838,-3.326116422134672,-6.282636896776951
2001-08-12,-42.38984467094686,-39.62042176416586,-2.534841640039123,-6.85977926057917
2001-08-13,-42.04748896209696,-38.32729155899433,-1.3619197542870844,-6.860033043495541
2001-08-14,-41.600792082084084,-38.13693984166151,-1.171159278945602,-7.003232732508652
2001-08-15,-41.737154813332616,-37.923766477812165,-2.0605684986013983,-8.2994947044961
2001-08-16,-42.08993754414122,-39.24573237489933,-1.0925119407297283,-8.042283282729317
2001-08-17,-43.02009565575189,-39.017383320656236,-2.0805711802835134,-7.355262920397953
2001-08-18,-42.16739574468873,-39.256511757127484,-2.3558105998715324,-7.251208416278149
2001-08-19,-43.79876031479907,-39.75196081874856,-2.7441870989856794,-7.395062858107926
2001-08-20,-45.92329251378598,-41.17189264459055,-2.6547394910935895,-6.153119820529629
2001-08-21,-44.29305721156613,-41.31621896695372,-0.8280826802386532,-6.11421647754347
2001-08-22,-43.75271872866451,-42.47425125651656,-1.6399230057179839,-7.308331676141752
2001-08-23,-41.77464637934138,-43.70737554319325,-2.346445399503369,-8.831730277845066
2001-08-24,-40.70542124726899,-42.89988370166704,-2.849857209217306,-10.943159477604484
2001-08-25,-40.41267776032482,-41.80516725763298,-2.9914653532363733,-12.829357837535085
2001-08-26,-39.59127517113184,-42.218116035046826,-0.49488753714007494,-11.723303945677294
2001-08-27,-39.50789609051082,-40.01287879743211,-2.6140746618552835,-11.943153596962048
2001-08-28,-39.25204509712979,-39.524281417166705,-1.5608274815858196,-11.937977288683289
2001-08-29,-39.98507855779942,-39.010414641036554,-2.059465330050654,-11.356401898419568
2001-08-30,-39.764525333223126,-39.758831857196256,-4.624917923084553,-12.125186117767916
2001-08-31,-41.817083044745814,-38.61711127400418,-3.2147059588191502,-12.425475689463147
2001-09-01,-41.54200768948968,-37.0340114184174,-1.5478548212202559,-14.599808875974677
2001-09-02,-41.566264447391596,-37.50447840108465,-1.552568207705357,-14.596318910929929
2001-09-03,-40.29312567650868,-38.48344297691535,-2.883705188428059,-13.492502452327756
2001-09-04,-41.08897821290626,-38.65522869529373,-3.5862337224165612,-14.316488767946144
2001-09-05,-40.690336562846475,-38.416829358935146,-3.9201685113467746,-12.324123433663454
2001-09-06,-41.20204596515047,-38.47570367135045,-4.29426489279703,-11.435248921108698
2001-09-07,-39.96460044162606,-38.01906631790568,-5.187836128969819,-11.76115618820115
2001-09-08,-40.164220329963264,-38.615725167143516,-5.367631706683528,-10.264718205814733
2001-09-09,-39.810413671738075,-37.825924616057996,-4.6903903721171805,-10.616456713352655
2001-09-10,-39.96140933517374,-36.469369683740034,-4.350364495303299,-12.544429542901229
2001-09-11,-40.259210819849436,-36.86563047957797,-3.9227979829369604,-12.260577532162468
2001-09-12,-41.227198027591044,-35.89680290009566,-3.583514956234064,-12.073398911121402
2001-09-13,-39.778321323393925,-36.92516786376339,-3.285832096658466,-12.766420482010084
2001-09-14,-40.177620354666416,-35.90029894314341,-3.9672605573368322,-11.918177449403839
2001-09-15,-38.856031798791015,-35.15215757623047,-3.3995871391566794,-12.11959509826952
2001-09-16,-38.092973109387124,-35.12212587344318,-2.839730314190704,-12.300551597649756
2001-09-17,-39.12030759798516,-33.81951401075735,-2.9622419087895944,-11.941837520485151
2001-09-18,-39.1073347460297,-35.35868956125448,-1.3039425351666158,-10.377333990727148
2001-09-19,-38.92293436965904,-35.21140540681223,0.4620121680696674,-8.556477651052443
2001-09-20,-39.656481347696136,-36.21941119204352,0.16691461176535966,-8.539070077347091
2001-09-21,-39.49706965791055,-36.72372233089555,1.1206028686752092,-6.381503895527562
2001-09-22,-39.79584042663718,-35.90099638684309,1.5189525657140583,-6.994459361643589
2001-09-23,-40.09504229016888,-35.98395031390208,2.1464218530761263,-5.978039085703616
2001-09-24,-40.062696761244275,-37.252862628651414,-0.30019443388592615,-4.011667077821827
2001-09-25,-39.25955171941618,-37.87584019869455,-0.7641206796829025,-4.334221523546189
2001-09-26,-38.89590299296386,-38.2762122273996,0.1113751500972121,-5.7428523759161045
2001-09-27,-38.577354116262725,-36.91556884235689,-0.8764680318582665,-7.336539052165952
2001-09-28,-39.65684855491621,-36.627317340184504,0.2701133419014641,-6.237307052382916
2001-09-29,-40.18207906784098,-37.64681169892345,-0.5335372967311454,-6.0335141130834975
2001-09-30,-41.67528630083718,-38.07293009699367,0.8682828455264644,-6.293664968709574
2001-10-01,-42.016970650168346,-36.882365382381536,1.3844544329507316,-8.16353756939293
2001-10-02,-42.866128707184906,-35.92507242074288,0.9489417394661478,-8.591552123512557
2001-10-03,-42.44292407805552,-34.481674072463605,1.2340288125732908,-7.966739304853917
2001-10-04,-43.3967095466871,-36.014065755805674,1.116959207550803,-6.637116733060674
2001-10-05,-43.44527482552071,-35.2837410725176,0.1808242949593455,-6.646137475173492
2001-10-06,-43.02785553131874,-34.88988164134172,0.6214167003363458,-6.280816555237956
2001-10-07,-42.30999573801531,-34.23246467492681,1.578434752790176,-7.069573986995176
2001-10-08,-41.041332650445455,-34.49865704320506,1.2628161065531844,-5.846847892931342
2001-10-09,-42.06777937788403,-34.49723318145336,1.0240934844588314,-6.315393626223372
2001-10-10,-43.430939879900436,-35.354127387852394,2.5056960872260947,-7.181311303643908
2001-10-11,-43.39196951099602,-35.379802412360775,1.0486516575206726,-6.595692044625682
2001-10-12,-42.21759428330216,-35.66867495509688,1.8410246907609586,-6.628003399731057
2001-10-13,-41.89460819195503,-36.218961796164095,1.856936152595505,-4.817848238070194
2001-10-14,-42.0262083050201,-35.86401714180037,2.3093001320618245,-4.214702124690136
2001-10-15,-43.71414235810858,-36.49671136799166,0.9437973199069778,-3.246025093162176
2001-10-16,-42.87824827692856,-35.91427573059584,0.23202796696571926,-1.8655570127718142
2001-10-17,-42.472550849229485,-36.571174993208025,-0.7826404894219634,-2.6506264605158076
2001-10-18,-42.40497929634914,-36.53281799435634,-1.3848058612736804,-3.0727778534397188
2001-10-19,-43.518894555365634,-38.85336804211153,-0.517286495111322,-1.9720187202573167
2001-10-20,-42.51714618614449,-39.091530793183814,-0.620748676419426,-2.622693022071991
2001-10-21,-42.27395730103547,-39.41641791651142,-0.5912650951584923,-4.631942405723466
2001-10-22,-42.190605154890385,-38.208666504768935,-0.3362555729616167,-5.145474821043773
2001-10-23,-41.07255922601647,-37.80319069356709,0.06323565152072164,-5.28718622371713
2001-10-24,-43.274001483783195,-36.91615567853139,1.8605409022786241,-5.684141814431542
2001-10-25,-43.812647931881216,-37.48997147634566,-0.5286688207189147,-5.763920281153755
2001-10-26,-44.11482970452468,-38.33128502860424,-0.45308873708736097,-5.182223301858956
2001-10-27,-44.194246619920165,-38.70068667210574,-1.5656019269006332,-7.058287737487768
2001-10-28,-44.10157020864354,-38.19083920600085,-3.3255100337745995,-6.615241548131584
2001-10-29,-44.80949430817004,-38.308415961775204,-4.341626674717793,-6.999843678933023
2001-10-30,-45.14802414045366,-39.6870491390939,-5.2607840840447695,-7.886163436738882
2001-10-31,-44.8651652579295,-38.57282913841005,-5.531035641340514,-7.607358671777369
2001-11-01,-43.966578519240194,-38.83587411371082,-5.725538864661901,-7.856525442999869
2001-11-02,-45.10600124578511,-38.14813843198225,-5.847172939888664,-7.297712728508725
2001-11-03,-45.21224808147257,-36.95678614587085,-5.458695946567006,-6.708948543682284
2001-11-04,-46.1809098142117,-37.11373539589495,-2.974069039569043,-6.726731424186406
2001-11-05,-45.55930971328878,-37.371522975860216,-1.3450137045120603,-4.762461197560073
2001-11-06,-43.98017257121062,-37.505929390868715,-2.4597449846885726,-3.6218813001021344
2001-11-07,-43.34315522119141,-38.027551413747574,-2.878303941514563,-4.635852377521113
2001-11-08,-43.73655028665899,-39.57480715785733,-3.9653783740274324,-4.013207128979457
2001-11-09,-44.32025763151689,-39.174359189199535,-4.275885900773336,-3.445152683399623
2001-11-10,-43.577164009583555,-38.23948414775701,-4.415080526849965,-4.1267627014097705
2001-11-11,-44.03761183587389,-38.602745171321075,-3.7671888709778116,-3.3477898045346386
2001-11-12,-43.79032275175415,-37.569253750151304,-4.192198633399218,-5.974277273486229
2001-11-13,-43.874067667897116,-38.716675458111546,-3.5425164951403456,-6.0728668993214665
2001-11-14,-44.76528163512128,-39.02910012310907,-3.266644631470318,-5.876046790798024
2001-11-15,-44.611475279666834,-40.24878401519315,-1.7827460225625096,-5.731502971974199
2001-11-16,-44.30839789559935,-40.20996115235223,-3.197716726547868,-5.90417235775801
2001-11-17,-42.29960052673834,-39.241135932987746,-1.6373195010932742,-8.471134997142755
2001-11-18,-44.2009741834791,-38.359496239365015,-2.045928987177581,-10.19180099878674
2001-11-19,-44.226990884916844,-38.57372360339455,-2.358500346063504,-11.027078648026881
2001-11-20,-44.29772104171518,-39.446788259263116,-1.7792702677812864,-9.920179751200418
2001-11-21,-44.90144102228648,-38.94457366589826,-1.6435612930988,-9.617599625358567
2001-11-22,-46.47383265337526,-38.590476845814486,-1.4493840965847942,-11.328193328758006
2001-11-23,-46.214989948317246,-41.96095603709156,-2.468187774332712,-11.751423480499856
2001-11-24,-46.76450608026765,-43.187338593357175,-4.248907393885708,-11.91175296620248
2001-11-25,-46.86941190695012,-44.53750640159318,-5.615466687728884,-10.282149426940396
2001-11-26,-45.73768309007543,-43.803577432414755,-5.944965508213222,-9.634078326664559
2001-11-27,-44.01166243530769,-44.24018298212709,-6.137618965566589,-10.786106731186322
2001-11-28,-43.22572451477411,-42.856535563775616,-5.812158648754438,-11.397880826156221
2001-11-29,-43.016534124955726,-42.262116472398525,-7.168446581002594,-12.121209370584218
2001-11-30,-42.83394966117598,-43.7001839722809,-7.966098367962928,-12.546167894292704
2001-12-01,-42.21060495179824,-41.39658606611141,-7.909580530251,-12.959011208227945
2001-12-02,-41.454316232417646,-41.41607683871348,-8.670323806115523,-13.256638402991612
2001-12-03,-41.06966130383605,-41.502412304539426,-9.047772841072234,-12.959626736143965
2001-12-04,-40.00978442279084,-40.94636809943406,-8.527378112274002,-12.472842956687982
2001-12-05,-40.20229248688467,-41.35429927833457,-8.515704428584433,-12.559552158709453
2001-12-06,-39.450187928477874,-42.04842443384991,-10.204480112495233,-12.116318030159672
2001-12-07,-38.21761981826532,-40.80796106170602,-10.311853093919403,-10.558746519301025
2001-12-08,-39.048341784138174,-40.9716994359143,-10.532575942555356,-10.229315675783337
2001-12-09,-37.42314838712819,-40.2676680219392,-11.331759118967968,-11.000422314014404
2001-12-10,-38.123130388748386,-40.848353350386496,-9.934264743183288,-11.280730823306676
2001-12-11,-38.253869984216855,-41.053631038982516,-11.25194783793322,-11.394395602360698
2001-12-12,-37.84786094925039,-43.27977370645465,-9.51678262099589,-9.840458298123416
2001-12-13,-39.38810851796897,-43.40448306160928,-8.845984172288563,-9.366851498087135
2001-12-14,-39.67745717537856,-43.742438628758514,-9.072341514052793,-8.343838173426363
2001-12-15,-39.65119059559666,-42.71628160918972,-7.634278476047135,-7.183959266748472
2001-12-16,-39.84889476127111,-42.882454746487106,-7.287970718262672,-6.965141677754927
2001-12-17,-40.527294837326,-43.80520919061717,-6.738199145339277,-6.7597993051692375
2001-12-18,-41.20232313790108,-42.816575101922865,-6.646376944832438,-4.696441989626644
2001-12-19,-40.20095374030741,-42.89071298889333,-5.432252070561889,-4.488579005801507
2001-12-20,-38.43325496817194,-41.296778303804516,-6.513865410687894,-4.914125422224241
2001-12-21,-39.069998773190186,-43.47440415769173,-7.793575226088604,-5.229992633844576
2001-12-22,-38.51134335765094,-44.49312404510225,-5.464401759994062,-4.138224059893643
2001-12-23,-40.63241249719145,-44.27345766329573,-4.656563785438866,-4.750455659161334
2001-12-24,-41.66044059907286,-45.54742688652458,-4.037469506495283,-5.356573433820567
2001-12-25,-41.22133215532621,-44.75690516752601,-5.526443918883544,-6.387742819224708
2001-12-26,-40.63201999351528,-47.43697473882655,-6.079720131974537,-6.570637742905548
2001-12-27,-39.300967819961166,-47.748726286896584,-7.819969681096377,-5.651552161489716
2001-12-28,-38.96750408631439,-47.21716547680148,-7.565046015643823,-5.25482158550979
2001-12-29,-38.460348076502264,-47.60724255009638,-5.618013129638217,-4.271892659327147
2001-12-30,-37.02592739319956,-47.60043510454345,-4.827715614896402,-4.427273349872661
2001-12-31,-36.89909688577498,-48.24879627932031,-3.0120999672988393,-5.71022381691431
2002-01-01,-37.220814830097154,-47.049932623656616,-1.9386767418180173,-6.718645172229434
2002-01-02,-37.310726572992564,-45.593633584818065,-0.6872977444756765,-5.7306066596913725
2002-01-03,-38.46371723257788,-45.978730833853845,-0.825381996415184,-4.915993047591979
2002-01-04,-38.38661995409762,-45.26418998088911,-2.261722891293757,-3.9323686391483763
2002-01-05,-38.92174614553805,-43.5261160805487,-4.232161728753807,-3.873171462589406
2002-01-06,-37.55270400154153,-43.65880828804498,-4.195501969510437,-4.657504543937653
2002-01-07,-38.02061920728527,-44.06377001597068,-4.245704416069641,-4.688947011781107
2002-01-08,-37.46913124838015,-44.63410254650811,-4.730060806939813,-5.179614257633854
2002-01-09,-38.123426710710234,-45.81953855552244,-4.9820015154933905,-5.117292328745994
2002-01-10,-37.53375370001159,-46.857272516050074,-5.056478947827873,-6.31552849188227
2002-01-11,-38.69480218454405,-47.20544849276444,-4.557145148850158,-6.476053316109297
2002-01-12,-39.81179631043453,-46.95839110180756,-4.947021267978596,-6.4499944242321225
2002-01-13,-40.365911823171686,-44.56420383185444,-6.04134047557082,-6.2707539884491315
2002-01-14,-40.016977936329845,-46.00078948515266,-6.213972056254026,-5.462354403639292
2002-01-15,-41.25512426801976,-45.69044830958006,-5.912651364410892,-5.463605884882818
2002-01-16,-39.97996301571101,-44.884507106753944,-5.236309555064668,-5.7768156899008565
2002-01-17,-38.73857570906136,-45.09161373888788,-4.783632150337103,-5.831649655393044
2002-01-18,-37.688407110210605,-45.94773830072743,-4.106966293376744,-5.13841706237171
2002-01-19,-37.67520675783293,-48.02098405036928,-3.955900355719104,-5.212309771455164
2002-01-20,-39.341542940638405,-49.62046759464307,-5.01220680453109,-2.8592556195491428
2002-01-21,-40.976873061423895,-47.777007117520306,-4.880056188769533,-2.668933594142839
2002-01-22,-39.68347974413464,-47.45270762706424,-5.744802334895471,-1.7193369871799487
2002-01-23,-40.52766130249001,-48.80396454602226,-5.875895095034099,-2.669027094334641
2002-01-24,-40.38531180624002,-48.864622469920135,-5.6034344036331,-1.351484192716558
2002-01-25,-39.792309656570936,-49.3709570259972,-6.886766644302085,-1.3761360043611388
2002-01-26,-38.58857929090313,-51.77571799173923,-5.020572660671942,-1.369050253865381
2002-01-27,-39.30594330127663,-50.116014093384315,-4.864177566948312,-2.10147381680581
2002-01-28,-39.941381878831706,-50.22800686923589,-5.667506332192368,-2.8417178393955305
2002-01-29,-40.49666620722378,-47.99487412411113,-5.663610148263903,-2.450153339838298
2002-01-30,-39.136508789807564,-46.509590777488064,-4.581230229708437,-1.5908309221886192
2002-01-31,-40.64370423827656,-45.857528479933784,-3.1943184791412915,-2.5589781849963527
2002-02-01,-40.245964846791374,-45.297956327614756,-2.918758453978074,-3.2697141635655385
2002-02-02,-38.54152516776141,-44.29034208603151,-2.625549447440964,-0.8588742414969763
2002-02-03,-38.467924084032,-45.3186781963017,-3.2228700607571,-1.7513097948389005
2002-02-04,-37.01401302056676,-45.152421374129894,-3.995066518504008,-1.1100385759276414
2002-02-05,-37.16265921077005,-44.51130113650839,-4.606775763891925,-0.4070437442757121
2002-02-06,-36.93166470029917,-44.63831375327789,-3.6844707515109505,-0.7140828385910429
2002-02-07,-37.94678256528539,-47.00472591464513,-4.377770972728518,-1.844113519628401
2002-02-08,-38.84801414228965,-46.62995000412494,-5.521575650339708,-1.7123351420230277
2002-02-09,-37.75004555983551,-46.76457838401326,-6.005007295146939,-2.9370044683103362
2002-02-10,-40.29862457943299,-46.44084577503006,-5.216756955731289,-2.5764656368229186
2002-02-11,-40.5311742438026,-46.6349034067013,-7.138828013535273,-0.9953134109758901
2002-02-12,-41.89603702963308,-45.2006888602216,-7.934034296830055,-1.689714518173096
2002-02-13,-40.288790303480845,-45.03305022343203,-7.145182784264769,-2.3866267775304624
2002-02-14,-41.38186068262966,-45.45083719254628,-6.643784260426617,-1.8988699365813897
2002-02-15,-41.63158381381028,-45.48762822315658,-7.927335387986151,-1.9761442537123646
2002-02-16,-41.05543956815106,-46.81374054166439,-7.649083727156574,-2.3782143670648335
2002-02-17,-40.25028002745409,-45.15577464071589,-7.862654059291002,-2.0058408843117603
2002-02-18,-40.74447795827578,-45.271679640154844,-9.248219732599107,-3.594511309635598
2002-02-19,-41.171568269079394,-43.871051811800676,-7.792714172894829,-6.235600917348099
2002-02-20,-41.42814715715388,-43.221904823026854,-6.8497422801723395,-5.87561544039313
2002-02-21,-40.51314614210642,-41.92977303452402,-6.2149333085970575,-6.835464896866706
2002-02-22,-40.5722218317546,-43.263230732765464,-7.139545204023922,-6.168786047399734
2002-02-23,-40.22026835623493,-43.00568365570852,-7.935196097603303,-4.732489932924129
2002-02-24,-40.13911873034091,-43.98122803332173,-8.47262051321992,-5.309211829539507
2002-02-25,-41.29251981320171,-43.07036211965768,-11.039629557490848,-5.633965217074489
2002-02-26,-41.987191398986376,-45.31897887566291,-10.16547289716027,-5.128042802700936
2002-02-27,-41.70478401275,-45.913148601006334,-9.770376545534749,-4.613589121309126
2002-02-28,-41.36074785763327,-47.60178628258443,-8.938095726186265,-5.536386703021135
2002-03-01,-42.33401530834363,-48.1489307493693,-9.607360259600997,-4.427418807262246
2002-03-02,-41.69493298407334,-49.639039972723715,-10.285913793322777,-2.6798122979745083
2002-03-03,-42.52156761619704,-49.8481226602251,-10.973945289954194,-3.0985263893345505
2002-03-04,-41.1370668607199,-50.629702881341416,-10.21853220485601,-2.544367800193905
2002-03-05,-40.556156016787625,-48.95754983717044,-10.096853571382967,-2.69388859527231
2002-03-06,-41.32014065407284,-49.79719048538602,-12.323580891926131,-1.7567123005835252
2002-03-07,-42.438628742956766,-49.40131183061409,-13.619380436184429,-2.1611821982600046
2002-03-08,-41.65286457290778,-46.97953254996992,-12.746673406509627,-2.2974512659463793
2002-03-09,-41.63305214739913,-47.56832849498751,-13.568394594135494,-4.158370976279272
2002-03-10,-42.2080304010583,-46.44932111073839,-13.76517532094549,-5.6293506302720875
2002-03-11,-42.3080736955358,-47.47019417187055,-14.134499606116384,-6.6388159216214255
2002-03-12,-41.53879456943114,-47.004373213003575,-14.18613483190762,-7.36140745590048
2002-03-13,-39.55988153822204,-47.36312109737081,-15.013200034488326,-6.65157520045769
2002-03-14,-40.069246760429316,-47.95634596154036,-12.792025727184226,-7.709749361553604
2002-03-15,-41.16092474740606,-47.94762164381239,-15.41578155260606,-8.172111784381132
2002-03-16,-41.489198257850134,-47.964984548160466,-15.375562825042985,-8.521663351694993
2002-03-17,-41.6659658820234,-47.9951214002495,-16.21661544427224,-10.937004455928491
2002-03-18,-41.36794696632777,-48.521514040329066,-15.80610619014929,-10.442667288047716
2002-03-19,-40.587848572721526,-49.388346209937495,-16.135398874368715,-10.67876489866028
2002-03-20,-40.65430792744843,-49.55158800082029,-16.465768804763478,-9.366651920843301
2002-03-21,-40.45580246953854,-49.42746598252656,-18.613660463867593,-9.372795845595077
2002-03-22,-39.070197549827284,-49.53974635876301,-20.106433856350172,-11.13785876995972
2002-03-23,-39.51257471433171,-49.44072392536429,-19.21245648749556,-10.352052417007199
2002-03-24,-40.57221661603455,-48.67357416554824,-19.821250169389902,-9.700427929679437
2002-03-25,-40.56943343909342,-49.671940324557234,-21.218308599258826,-9.861536243979577
2002-03-26,-41.562664315066264,-51.86592721474594,-21.16335284774337,-9.408449072442426
2002-03-27,-42.347286886545,-52.854221365173316,-19.422795975512926,-8.614657512431542
2002-03-28,-42.70045185869692,-51.225439888661725,-20.142960962109946,-8.039495168047939
2002-03-29,-42.531453613336176,-50.788714200153805,-20.43361165960492,-8.080145853129912
2002-03-30,-41.64629383075615,-49.06873634180689,-19.85136421421545,-8.987772597160655
2002-03-31,-43.266171037148396,-49.82657593431674,-20.742198890543413,-9.244527665668128
2002-04-01,-43.363342693407354,-50.748427053697164,-19.66517796983724,-10.226288912237177
2002-04-02,-44.434706288707474,-51.49773278802975,-18.134652254631984,-10.521574526047257
2002-04-03,-44.33828839480946,-50.90755464641385,-17.01898763096303,-11.567624662026628
2002-04-04,-42.97191514263055,-51.73393392547916,-18.153509585471,-12.303848115766817
2002-04-05,-42.42204890864121,-51.60152428759487,-18.41103344934478,-13.06825822081654
2002-04-06,-42.69235441471405,-51.61123478130806,-17.945475052751654,-13.564769619803325
2002-04-07,-41.94749941741203,-51.10500335816007,-17.386027094020346,-13.76859096219063
2002-04-08,-42.09939011252625,-52.00795173787563,-16.90880953061099,-13.559929988045138
2002-04-09,-42.19445394495499,-51.678065704866476,-18.02477983716679,-16.268144154410944
2002-04-10,-40.49416007807306,-51.448817010365964,-18.179382382499963,-17.19846959266779
2002-04-11,-42.133635096255404,-50.709133682133846,-17.946277193365905,-16.55585911662765
2002-04-12,-44.107347433098184,-52.42237114090957,-18.317909874222043,-15.562125719322326
2002-04-13,-42.361849307099625,-52.23459170539235,-19.004397398771545,-16.722773704247068
2002-04-14,-43.01882395835339,-52.53301513553873,-19.80121440850501,-15.649181776232844
2002-04-15,-44.20255813346166,-53.76283440014479,-19.58189791026271,-15.109785839210023
2002-04-16,-44.6322382045176,-53.49206884763069,-19.765016337322326,-15.395091952007364
2002-04-17,-43.94746661079313,-52.771370809787975,-19.722744904722862,-15.66867436782078
2002-04-18,-43.99012849278044,-53.426440086729656,-19.78351775627617,-14.779167111278616
2002-04-19,-44.11569832037145,-52.563880251551375,-20.840583398740666,-16.609240691295163
2002-04-20,-44.98308195054025,-52.43291085719261,-20.16487806210796,-17.20225966361007
2002-04-21,-45.099699244761624,-51.91682706872292,-19.52851389018505,-16.39721831244924
2002-04-22,-44.53821595467547,-51.840275131060366,-19.325320497730903,-17.73088763834543
2002-04-23,-43.19396336731865,-53.14006611114802,-20.89529792743103,-17.699594862604226
2002-04-24,-42.822398081601,-52.03110634980274,-20.525562476932674,-16.93892433512822
2002-04-25,-43.5537184478425,-51.9639242902698,-20.032032219167657,-16.163496002368774
2002-04-26,-42.934376228951606,-50.088638774678955,-18.13444566058847,-17.84070458483329
2002-04-27,-43.04732975990902,-50.531967653937784,-19.031895896608283,-16.7672779022797
2002-04-28,-41.18075168093924,-49.60549813262802,-17.888638870968226,-16.191594827851173
2002-04-29,-39.7299288800249,-50.13799116258146,-19.277380814617768,-15.802934734436542
2002-04-30,-40.27269809209426,-49.25488350780006,-19.585630072840445,-15.018327065943037
2002-05-01,-41.98833273406465,-50.272192696997145,-19.086574010815536,-15.956479047853266
2002-05-02,-39.763994075706215,-48.26085187437054,-19.710544006309622,-16.035434820710055
2002-05-03,-39.9973641389194,-46.92904528680365,-20.263147181262532,-16.52854061426693
2002-05-04,-38.494076223596785,-46.41941618313901,-20.919705194913664,-16.34293347784375
2002-05-05,-38.910062488263215,-46.033789324952195,-21.47937787590606,-14.977522641594211
2002-05-06,-38.54860424598195,-47.285666883107275,-20.59316440893322,-14.202088798982627
2002-05-07,-39.46415784629081,-46.17077178110852,-21.699523482663302,-15.081825649578395
2002-05-08,-38.61943810758925,-46.80098109352382,-18.586648619375676,-15.212083466147567
2002-05-09,-38.65875900129118,-47.83035782029547,-19.659444784391322,-14.849387065174712
2002-05-10,-37.70586753098575,-45.697698961644896,-18.940242468600555,-14.099524617776746
2002-05-11,-36.98893261679273,-45.43143947194954,-19.45864813024132,-13.523678891621126
2002-05-12,-36.534750444233154,-45.5804910137414,-19.335843519410375,-13.605930423779244
2002-05-13,-34.70991263613607,-45.89727936556668,-19.010266421365177,-13.606550779394473
2002-05-14,-35.33823398627456,-46.10194756145204,-18.49821668737644,-14.029077437783352
2002-05-15,-35.6826788747558,-47.72008899445031,-18.973679898984404,-14.170555641829392
2002-05-16,-36.546473352250736,-46.161837157737736,-19.451858053741837,-14.556856439956423
2002-05-17,-35.90555905599366,-46.74225666848543,-20.28790521621521,-15.918942769986018
2002-05-18,-35.703337320699504,-46.53020542427029,-19.744011685785352,-17.268431027539204
2002-05-19,-36.25241257127349,-45.72739356079389,-19.733601847670137,-16.238234500777814
2002-05-20,-35.961667910462566,-44.822681823542666,-20.48655926282727,-15.166696145010977
2002-05-21,-35.01359951513637,-45.982793162711864,-21.099371430250336,-15.506255661284133
2002-05-22,-36.390044155870534,-46.751314513486754,-22.33829849961286,-15.927660017246478
2002-05-23,-37.07900627194798,-45.73775820949292,-21.363329584620974,-14.188712012942037
2002-05-24,-36.583474501318726,-45.37157993165882,-20.533913377690514,-15.03438702720618
2002-05-25,-35.93772599053876,-46.21006236146082,-20.103994529043913,-16.092463693858605
2002-05-26,-36.79969942672577,-46.957409839628376,-19.183833668200247,-17.5721498580666
2002-05-27,-37.71325674565599,-48.23631188219114,-18.049838066402387,-17.781521960732814
2002-05-28,-37.2868859897708,-48.73009580602192,-18.79136033399025,-18.594604917655357
2002-05-29,-37.297040847684215,-48.052645690375456,-19.758257717903536,-19.15407004189843
2002-05-30,-37.332524722387696,-49.23804782788297,-18.004816523275636,-19.39029913595365
2002-05-31,-37.43128066814851,-49.07958525525514,-16.846982385295746,-17.9771792290591
2002-06-01,-38.00712693471536,-50.302794259370614,-15.234811352627608,-17.872171713151623
2002-06-02,-38.44131227757199,-50.241961602156216,-15.586270050401062,-15.245210592397008
2002-06-03,-39.63647269983368,-50.55636510703311,-16.83361683971909,-14.859494848061017
2002-06-04,-38.77331549221768,-50.2470528279429,-17.228331925967932,-13.97572032358921
2002-06-05,-36.98456198221928,-47.087566964856286,-15.741062841246855,-14.781688064909858
2002-06-06,-36.971404843413346,-47.192450211559475,-17.023953960555666,-15.366669500721708
2002-06-07,-37.878737001646996,-46.457144376367275,-16.913178376326417,-14.891089347773667
2002-06-08,-39.338843684969326,-45.42782784051125,-18.921601704601883,-15.298548116417042
2002-06-09,-40.04544068965777,-46.406033202840746,-18.857029408586744,-15.565706554425509
2002-06-10,-39.993186812881234,-46.74362568932948,-18.086632260730514,-16.436678267393432
2002-06-11,-40.801576146090476,-46.51929740144031,-17.10407638858817,-17.109403368329843
2002-06-12,-39.99516474194899,-46.81120548991826,-17.776605608246786,-16.977393611403382
2002-06-13,-38.898606652010066,-49.08455512441204,-18.28073415341084,-18.628022477349052
2002-06-14,-38.67993735430508,-49.428253599289725,-19.160470579162688,-20.95353564160343
2002-06-15,-39.173923888581974,-51.25694846581284,-19.92653910891534,-20.053398138175766
2002-06-16,-37.93828181240894,-51.810344011439284,-20.652107837307152,-17.857435511348974
2002-06-17,-39.91414206001339,-52.19051587654313,-20.63551547322947,-18.017485309714303
2002-06-18,-39.94874891317806,-53.40290189046385,-20.001343819183354,-17.74139030527874
2002-06-19,-40.68023897261728,-53.17391091951217,-22.53838535748733,-17.81273964346226
2002-06-20,-40.67923963359241,-52.14435149613877,-24.502632423134713,-16.632883863163816
2002-06-21,-39.46402870641114,-51.503395250882484,-24.67940091592921,-16.108426764466085
2002-06-22,-40.677585083829946,-53.32951428893919,-24.863254811117315,-14.867775766463732
2002-06-23,-41.82975150917842,-52.036102628835685,-24.297180444845754,-14.297993743984561
2002-06-24,-42.938550829522285,-51.63201388123163,-24.38786192679356,-15.335073389124876
2002-06-25,-43.19853352982377,-51.78352077559871,-24.011425914376204,-15.677304733212953
2002-06-26,-43.51104087081698,-51.444057797140395,-24.345878470475597,-15.474428849211225
2002-06-27,-43.31298394727943,-50.92795953060774,-24.739675896950057,-16.861631541786966
2002-06-28,-43.93664000562756,-50.18230135514684,-23.607197353704755,-16.762399148403183
2002-06-29,-43.0145498713464,-52.343643991064354,-22.62263561699622,-16.1648952766921
2002-06-30,-42.33725735834214,-51.61893146190622,-23.471362246008276,-16.04923874983301
2002-07-01,-42.764865280931026,-52.291093105484165,-23.064643712227127,-17.064753288114293
2002-07-02,-42.89092251417344,-52.297158317446325,-23.6897603059213,-16.287617883938523
2002-07-03,-41.59890339941891,-53.092989049824865,-24.375400252981045,-16.859781952740708
2002-07-04,-40.490498157184774,-52.36963876388565,-23.33980470946684,-16.415804863509663
2002-07-05,-40.654518963918655,-54.70519333996824,-22.219321459265572,-15.977868355320131
2002-07-06,-40.214706558061565,-55.24439567557428,-21.52787831664008,-14.256761962166562
2002-07-07,-40.630882048030806,-55.893702974694456,-22.479647060789663,-13.972090421162937
2002-07-08,-41.4305761803628,-57.18254854282958,-21.887421642418044,-14.151695561214988
2002-07-09,-43.59918204355444,-57.91893697552406,-20.56372810554187,-13.39427148233623
2002-07-10,-43.65263741567392,-57.20790204207964,-20.089691686773467,-14.692436606884304
2002-07-11,-44.26794281953975,-57.92306385643134,-18.22907089797721,-16.057898823680432
2002-07-12,-44.30987598646933,-58.22921348779839,-17.729444250749495,-14.38676704550101
2002-07-13,-42.82179741735461,-57.85686111678652,-18.188592521425072,-15.19359895258047
2002-07-14,-42.64203650332491,-57.49579372078077,-18.280982645680364,-15.484584335705218
2002-07-15,-42.84298847408261,-58.3210948647969,-18.576903064312052,-16.964774946554456
2002-07-16,-42.99037710602667,-57.60712099734371,-18.123409105340848,-17.072682384071445
2002-07-17,-42.36971737174805,-57.21805877081414,-20.10352033387519,-15.990494241185239
2002-07-18,-43.046645617443176,-55.42684730351634,-20.45517693307675,-13.530695373821437
2002-07-19,-42.62162696796646,-53.67222234835516,-20.672726949809483,-14.467401615196517
2002-07-20,-42.21311112627441,-52.619524927750426,-20.655262424939078,-15.051250885936827
2002-07-21,-42.8436462723331,-52.63651962100778,-21.14791511856957,-15.131598309154331
2002-07-22,-42.672624424932955,-53.87017193706768,-21.580094038136316,-16.359435916355523
2002-07-23,-42.86587051670169,-54.76270730728995,-21.60252229956216,-16.30646501365449
2002-07-24,-42.30423658452894,-55.7170070401983,-20.032161628514473,-16.816452344910953
2002-07-25,-42.76923670164402,-56.194094238795635,-21.0125341584698,-17.504581667261466
2002-07-26,-42.12204485098898,-56.31285536331258,-20.866137187841325,-17.53979681335309
2002-07-27,-40.02960507359435,-56.58617600484567,-21.185239217973397,-18.13110656206741
2002-07-28,-39.36809324964231,-55.3162002396125,-20.926290799936073,-18.25472803105137
2002-07-29,-38.39295714401968,-55.11598995311878,-20.019391796493004,-17.686266536299236
2002-07-30,-38.30335725014391,-54.14095645437951,-20.21775534728062,-18.412421545495423
2002-07-31,-37.06819139455949,-56.852995154321846,-18.768187305782366,-16.753815463071895
2002-08-01,-37.43838064169602,-57.84624042042985,-18.715123470663716,-16.0205300797362
2002-08-02,-38.65142889074639,-57.24079924334423,-16.705179306818284,-17.93574640398296
2002-08-03,-40.09911967788764,-57.66181890911716,-18.193476587806032,-19.075855863157834
2002-08-04,-41.37828396762355,-56.93198970334875,-19.075658405490444,-20.397764806382767
2002-08-05,-41.93983025317061,-58.81984039608682,-18.85698384724465,-20.267873854613107
2002-08-06,-43.22605435496659,-58.791085694561524,-18.56290380168905,-19.799530080179522
2002-08-07,-42.89632171925799,-61.11643311440127,-20.370016645392408,-19.87148378748046
2002-08-08,-44.6620820073516,-61.358723805390724,-19.146967875044233,-19.465157356544882
2002-08-09,-44.439881212852185,-61.565111474706214,-19.260365525569878,-17.970744271239727
2002-08-10,-42.16581385770976,-61.51835235090222,-19.119483510613197,-20.259524253980032
2002-08-11,-40.89425443354736,-61.24967692705634,-20.31566757892315,-19.5447287660287
2002-08-12,-40.30713263137336,-61.619845473014216,-19.320064124455417,-18.338150916472838
2002-08-13,-40.425670972979184,-62.23734408403144,-19.708672497072193,-19.058173787388743
2002-08-14,-39.11334185720686,-60.4421490800459,-19.477871237496778,-19.118090924328214
2002-08-15,-39.521755494233474,-59.373669045182446,-19.01493483797006,-18.66621844974256
2002-08-16,-40.26591677347462,-59.70048784197765,-18.805546706423463,-17.72142547443118
2002-08-17,-39.730769188341725,-58.910948537002675,-21.09724149265761,-18.772569082852026
2002-08-18,-39.17560005752556,-59.870750107236496,-21.103743679307335,-18.857453403498834
2002-08-19,-38.62226506721342,-60.946392136871594,-21.361977777358177,-17.36370917748031
2002-08-20,-38.27517130094926,-61.3433545322312,-21.896924406104926,-17.67737340227894
2002-08-21,-39.70269866600357,-60.24992484098882,-22.20873671977172,-18.75815030448547
2002-08-22,-39.1567458826028,-62.52617704149799,-21.256752728126628,-18.571103904389034
2002-08-23,-39.38207285994183,-64.36045762806843,-21.15146353911763,-18.49152338563185
2002-08-24,-38.28998720498127,-64.05639084998137,-21.592209376810864,-19.182504366913353
2002-08-25,-37.04726423891535,-63.85258674181986,-21.132852021416788,-19.14810948384618
2002-08-26,-36.0514168598475,-62.500319784015886,-21.0333681854982,-18.333644242279334
2002-08-27,-34.65026158270216,-62.722374320069584,-19.957340475847776,-18.794170660809936
2002-08-28,-34.41417207557881,-62.21495256314727,-19.764089607411545,-18.63586115567276
2002-08-29,-33.563393075632064,-61.09954225325382,-20.875697035455257,-19.11502383370902
2002-08-30,-33.05423524589535,-59.92640726024122,-21.312368739107324,-18.596305765356803
2002-08-31,-31.790179537170026,-60.44920530098179,-20.130430806145792,-17.096078525072983
2002-09-01,-32.78400344182521,-61.38386314375067,-19.729589947338543,-17.594105608564796
2002-09-02,-32.30553181603042,-61.55296616530382,-18.085221981010125,-18.00420078753272
2002-09-03,-31.26153621893844,-58.704621953975945,-19.245382823689297,-17.371666753117573
2002-09-04,-30.96137556853056,-59.071304679535295,-19.42479531133445,-18.008262141878078
2002-09-05,-31.016413567105975,-60.00223373540877,-19.90940044046077,-18.262121920584235
2002-09-06,-31.977454133321178,-60.1500975807559,-20.973055124621027,-18.250757976414192
2002-09-07,-31.219189201317118,-61.541665661150155,-20.68910959163137,-18.49614326351315
2002-09-08,-30.43619586063197,-61.652213712357394,-19.82565860612264,-18.522329383356933
2002-09-09,-30.822961387326377,-60.51515989915705,-17.769637693037513,-18.383086783553
2002-09-10,-31.169918754599408,-59.94051998529534,-18.16498366751742,-18.01271785161691
2002-09-11,-31.555562091956183,-60.19290156785951,-17.329435925157885,-17.745560052437398
2002-09-12,-28.82705523296389,-59.30204838857332,-18.61061273834316,-17.20578159692259
2002-09-13,-27.437594148065656,-57.770418736529024,-17.643634696889716,-17.339312188705136
2002-09-14,-28.018418314426494,-57.360521515135716,-17.883975202316922,-18.308997990246365
2002-09-15,-30.0818293904221,-57.492657365020236,-16.330671839763752,-18.81225871426501
2002-09-16,-29.977527184867704,-59.778681414635244,-18.73907162868491,-18.813960855258504
2002-09-17,-30.964250262179302,-58.85095584800509,-18.719304736712985,-19.733894863570058
2002-09-18,-30.76259447823016,-59.17774728334369,-19.38713032970402,-19.94243166502677
2002-09-19,-29.33045070239573,-58.630860074338855,-20.588586072338618,-19.037230717368338
2002-09-20,-30.513715186594606,-59.210359057210944,-21.931931674515035,-19.23015877842584
2002-09-21,-30.2170494448023,-59.10978728012734,-22.304513790664533,-19.645661290976292
2002-09-22,-30.047091142932974,-59.39789836371273,-22.34062412717638,-17.46085090422428
2002-09-23,-29.145313723023875,-58.606221425921085,-22.249534085921262,-17.45337214939102
2002-09-24,-28.660960514605396,-58.921427537187164,-22.34083037831837,-18.524258118076034
2002-09-25,-27.9465380815136,-57.727498777461236,-22.651317162803487,-17.664231204585587
2002-09-26,-28.979424288540095,-56.51610865056766,-23.38566325377196,-17.010732555907822
